id,product_id,title,price,total_sales,monthly_sales,weekly_sales,daily_sales_tag,hot_sales,grabbed_sales,daily_increment,product_url,monitor_date,scrape_time
330,878624536236,安吉尔净水器家用直饮RO反渗透自来水过滤器除垢玉龙PRO1000GSE,1448.0,,,,,,214,,https://mobile.yangkeduo.com/goods.html?goods_id=878624536236,2026-04-08,2026-04-08 15:57:18
376,928668117918,海尔中央软水机家用全屋厨下式软化水除垢净水设备过滤器HZR12,2749.0,724,,,,,,,https://mobile.yangkeduo.com/goods.html?goods_id=928668117918,2026-04-08,2026-04-08 15:57:32
444,917687138596,美的净水器1000G大通量母婴低钠直饮家用厨下式5年帕斯卡RO反渗透,1049.0,161,,,,,,,https://mobile.yangkeduo.com/goods.html?goods_id=917687138596,2026-04-08,2026-04-08 16:19:20
448,423406945889,美的净水器家用厨房直饮净水机智能零陈水RO膜反渗透1000G净水器,1206.07,,,,,,583,,https://mobile.yangkeduo.com/goods.html?goods_id=423406945889,2026-04-08,2026-04-08 16:19:20
449,428434536561,美的净水器家用直饮机RO反渗透母婴0陈水无罐小体积双出水净水机,894.0,10000,,,,,,,https://mobile.yangkeduo.com/goods.html?goods_id=428434536561,2026-04-08,2026-04-08 16:19:20
450,411572747691,美的家用净水器 6年长效陶氏RO膜 星河1200GPRO厨下净水机套装,3129.0,17000,,,,,,,https://mobile.yangkeduo.com/goods.html?goods_id=411572747691,2026-04-08,2026-04-08 16:19:20
451,326851167288,美的净水器家用双出水大流速 3年长效RO反渗透膜直饮厨下式净水机,809.0,16000,,,,,,,https://mobile.yangkeduo.com/goods.html?goods_id=326851167288,2026-04-08,2026-04-08 16:19:20
452,186920233423,美的净水器家用前置过滤器大流量净水器反冲洗新款全屋中央净水器,505.0,,,,,,5920,,https://mobile.yangkeduo.com/goods.html?goods_id=186920233423,2026-04-08,2026-04-08 16:19:20
453,896550700189,美的净水器白月光1200GPRO速热制冷管线机家用套装四维杀菌2026款,3049.0,,,,,,81,,https://mobile.yangkeduo.com/goods.html?goods_id=896550700189,2026-04-08,2026-04-08 16:19:20
454,856971145601,美的鲜矿水净水器双出水家用直饮5年RO反渗透0阻垢剂厨下式1000G,2099.0,,,,,,346,,https://mobile.yangkeduo.com/goods.html?goods_id=856971145601,2026-04-08,2026-04-08 16:19:20
455,230515442021,美的净水器家用纯净双出水1100G大流速管线机直饮加热套装反渗透,1809.0,,,,,,1075,,https://mobile.yangkeduo.com/goods.html?goods_id=230515442021,2026-04-08,2026-04-08 16:19:20
457,730642357236,美的软净一体净水器全屋净水家用厨下式10年长效RO机【一价全包】,5089.0,114,,,,,,,https://mobile.yangkeduo.com/goods.html?goods_id=730642357236,2026-04-08,2026-04-08 16:19:20
462,798482186210,云米小白龙800G+升级净水器厨房台下RO反渗透家用过滤母婴直饮,639.0,3633,,,,,,,https://mobile.yangkeduo.com/goods.html?goods_id=798482186210,2026-04-08,2026-04-08 16:19:27
463,862873034610,VIOMI云米 小海豚3新品5年长效RO净水器反渗透纯水机 超滤升级,625.68,,,,,,1183,,https://mobile.yangkeduo.com/goods.html?goods_id=862873034610,2026-04-08,2026-04-08 16:19:27
464,916452280972,云米(VIOMI) 小海豚900G  家用净水机 净水器 反渗透6年长效 RO膜,749.0,,,,,,26,,https://mobile.yangkeduo.com/goods.html?goods_id=916452280972,2026-04-08,2026-04-08 16:19:27
465,907059476083,云米净水器滤芯CROSS 3 5IN1复合滤芯RO反渗透600G、800G、1000G,132.0,,,,,,120,,https://mobile.yangkeduo.com/goods.html?goods_id=907059476083,2026-04-08,2026-04-08 16:19:27
467,917032713009,VIOMI云米冷热管线机饮水机壁挂式双出水台式管线机UV杀菌,657.9,871,,,,,,,https://mobile.yangkeduo.com/goods.html?goods_id=917032713009,2026-04-08,2026-04-08 16:19:27
468,917031150770,VIOMI云米净水器600G小蓝调厨下式RO反渗透直饮家用6年长效,629.0,225,,,,,,,https://mobile.yangkeduo.com/goods.html?goods_id=917031150770,2026-04-08,2026-04-08 16:19:27
469,890360751935,云米600G净水器小白龙系列大通量家用一级水效0阻垢剂不含双酚A,538.0,,,,,,20,,https://mobile.yangkeduo.com/goods.html?goods_id=890360751935,2026-04-08,2026-04-08 16:19:27
470,917001945930,云米矿泉台式净饮机即热式饮水机直饮家用矿化加热一体机净水器,931.28,55,,,,,,,https://mobile.yangkeduo.com/goods.html?goods_id=917001945930,2026-04-08,2026-04-08 16:19:27
471,270574611944,云米净水器家用1200G直饮机RO反渗透泉先净水机大通量SUPER PRO,1338.22,,,,,,112,,https://mobile.yangkeduo.com/goods.html?goods_id=270574611944,2026-04-08,2026-04-08 16:19:27
472,912927521784,云米(VIOMI) 小海豚  家用净水机 1200G净水器 反渗透RO膜,1273.0,,,,,,11,,https://mobile.yangkeduo.com/goods.html?goods_id=912927521784,2026-04-08,2026-04-08 16:19:27
473,917034829515,VIOMI云米制冷管线机壁挂式 直饮机 饮水机 UV全水路杀菌速热制冷,869.0,7822,,,,,,,https://mobile.yangkeduo.com/goods.html?goods_id=917034829515,2026-04-08,2026-04-08 16:19:27
474,917038452382,【冷热直饮套装】云米净水器家用厨下管线机套装一键即热制冷直饮,1349.0,,,,,,5,,https://mobile.yangkeduo.com/goods.html?goods_id=917038452382,2026-04-08,2026-04-08 16:19:27
475,205458105137,VIOMI云米净水器1000G厨下式RO反渗透直饮过滤器净饮小海豚2,899.0,,,,,,32000,,https://mobile.yangkeduo.com/goods.html?goods_id=205458105137,2026-04-08,2026-04-08 16:19:27
477,405074895113,适配小米净水器滤芯厨下400GRO反渗透1234号厨下600G前置原厂升级,476.0,,,,,,11000,,https://mobile.yangkeduo.com/goods.html?goods_id=405074895113,2026-04-08,2026-04-08 16:19:27
478,874350558652,VIOMI云米滤芯 小海豚3适用,129.0,,,,,,3,,https://mobile.yangkeduo.com/goods.html?goods_id=874350558652,2026-04-08,2026-04-08 16:19:27
481,736780887569,云米小海豚8T前置过滤器自动清洗家用全屋中央自来水40微米流量,143.9,,243,,,,,,https://mobile.yangkeduo.com/goods.html?goods_id=736780887569,2026-04-08,2026-04-08 16:19:27
482,885690465484,VIOMI云米净水器小海豚600G+升级版厨下式RO反渗透直饮家用,559.0,,,,,,,,https://mobile.yangkeduo.com/goods.html?goods_id=885690465484,2026-04-08,2026-04-08 16:19:27
483,882919216767,VIOMI云米净水器 800G 厨下净饮一体机水过滤 长效RO膜小米APP,683.9,,,,,,,,https://mobile.yangkeduo.com/goods.html?goods_id=882919216767,2026-04-08,2026-04-08 16:19:27
484,734308010080,安吉尔净水器前置过滤器家用反冲洗全铜自来水全屋大流量饮水机,398.0,,,100,,,14000,,https://mobile.yangkeduo.com/goods.html?goods_id=734308010080,2026-04-08,2026-04-08 16:19:35
485,856336872464,新款安吉尔净水器家用直饮厨房RO反渗透净饮水机魔方2代PRO2200,1483.0,,,,,,778,,https://mobile.yangkeduo.com/goods.html?goods_id=856336872464,2026-04-08,2026-04-08 16:19:35
486,699100129664,安吉尔净水器家用魔方1900反渗透RO1.94L/分钟大通量厨下式纯水机,1107.0,,,,,,317,,https://mobile.yangkeduo.com/goods.html?goods_id=699100129664,2026-04-08,2026-04-08 16:19:35
487,761269681404,安吉尔魔方MINIPRO净水器家用直饮机RO反渗透瞬时1200G体验0水垢,976.0,,,,,,85,,https://mobile.yangkeduo.com/goods.html?goods_id=761269681404,2026-04-08,2026-04-08 16:19:35
488,855128837800,安吉尔净水器玉龙MAX1200G家用过滤反渗透厨下直饮净水机航天除菌,2149.0,2224,,,,,,,https://mobile.yangkeduo.com/goods.html?goods_id=855128837800,2026-04-08,2026-04-08 16:19:35
489,811888713441,安吉尔净水器母婴级家用直饮矿物质水RO反渗透1200G厨下式净水机,3112.9,,,,,,126,,https://mobile.yangkeduo.com/goods.html?goods_id=811888713441,2026-04-08,2026-04-08 16:19:35
490,931214270159,安吉尔净水器家用直饮哪吒1200G大通量RO反渗透厨下真矿水净水机,2349.0,266,,,,,,,https://mobile.yangkeduo.com/goods.html?goods_id=931214270159,2026-04-08,2026-04-08 16:19:35
491,873595385182,安吉尔净水器反渗透厨下净饮机1500G流速5年长效RO家用E-TECH3800,1479.02,207,,,,,,,https://mobile.yangkeduo.com/goods.html?goods_id=873595385182,2026-04-08,2026-04-08 16:19:35
492,849113980297,安吉尔净水器家用RO反渗透矿物质厨下式自来水直饮大通量净水机,2798.0,,,,,,60,,https://mobile.yangkeduo.com/goods.html?goods_id=849113980297,2026-04-08,2026-04-08 16:19:35
493,526557227471,安吉尔10T前置过滤器全自动智能家用净水器自来水过滤反冲洗,859.0,,,,,,5404,,https://mobile.yangkeduo.com/goods.html?goods_id=526557227471,2026-04-08,2026-04-08 16:19:35
494,229210610109,安吉尔净水器家用厨房直饮机RO反渗透自来水过滤流量哪吒PRO2900,1653.0,6394,,,,,,,https://mobile.yangkeduo.com/goods.html?goods_id=229210610109,2026-04-08,2026-04-08 16:19:35
495,255940946220,安吉尔净水器2025新款魔方2代家用RO反渗透直饮机厨房专用自来水,2997.0,,,,,,10000,,https://mobile.yangkeduo.com/goods.html?goods_id=255940946220,2026-04-08,2026-04-08 16:19:35
496,830737139718,安吉尔J1205RO反渗透过滤母婴直饮机除垢净水器管线机两件套装,1859.0,,,,,,22,,https://mobile.yangkeduo.com/goods.html?goods_id=830737139718,2026-04-08,2026-04-08 16:19:35
497,890489201045,安吉尔净水器E-TECH3800家用3617即热管线机套装饮水机1500G流速,1899.0,,,,,,3,,https://mobile.yangkeduo.com/goods.html?goods_id=890489201045,2026-04-08,2026-04-08 16:19:35
498,761748176682,安吉尔净水器魔方1300母婴直饮厨下式自来水过滤净水纯水机400G,939.0,,,,,,59,,https://mobile.yangkeduo.com/goods.html?goods_id=761748176682,2026-04-08,2026-04-08 16:19:35
501,723053416812,小米净水器N1/S1 1200G家用净饮机5年RO反渗透净水器厨房台下,947.0,4048,,,,,,,https://mobile.yangkeduo.com/goods.html?goods_id=723053416812,2026-04-08,2026-04-08 16:19:43
502,648892853552,米家小米净水器家用净水机800G 升级款 双芯过滤 5年长效RO反渗透,811.0,15000,,,,,,,https://mobile.yangkeduo.com/goods.html?goods_id=648892853552,2026-04-08,2026-04-08 16:19:43
503,714877112304,小米米家前置过滤器/PRO全屋大流量自来水反冲洗净水器家用滤水器,284.0,6751,259,,,,,,https://mobile.yangkeduo.com/goods.html?goods_id=714877112304,2026-04-08,2026-04-08 16:19:43
504,911627852325,"米家净水器 2 1200G 母婴级健康水,畅享鲜活大流量",1424.0,,,,,,117,,https://mobile.yangkeduo.com/goods.html?goods_id=911627852325,2026-04-08,2026-04-08 16:19:43
505,926712475871,小米/米家净水器PRO双出水1200G直饮净水器家用双龙头母婴净水机,1459.0,2311,,,,,,,https://mobile.yangkeduo.com/goods.html?goods_id=926712475871,2026-04-08,2026-04-08 16:19:43
506,878626118056,小米米家净水器1600GPRO双出水家用厨下式净饮一体机直饮纯净水机,1799.0,2590,264,,,,,,https://mobile.yangkeduo.com/goods.html?goods_id=878626118056,2026-04-08,2026-04-08 16:19:43
507,917548710781,小米米家即热净水器Q1000大通量反渗透厨下式自来水过滤净饮水机,1735.0,4424,,,,,,,https://mobile.yangkeduo.com/goods.html?goods_id=917548710781,2026-04-08,2026-04-08 16:19:43
508,861519766493,小米米家净水器1600G家用厨下式RO反渗透净水纯水大通量净水器,1351.0,1186,,,,,,,https://mobile.yangkeduo.com/goods.html?goods_id=861519766493,2026-04-08,2026-04-08 16:19:43
509,923182431536,小米米家水龙头净水器2水龙头过滤器家用自来水滤水器前置过滤器,91.0,16000,,,,,,,https://mobile.yangkeduo.com/goods.html?goods_id=923182431536,2026-04-08,2026-04-08 16:19:43
510,793802267792,小米米家即热净水器1200G家用厨下大通量速热净水机RO反渗透过滤,2027.0,1225,,,,,,,https://mobile.yangkeduo.com/goods.html?goods_id=793802267792,2026-04-08,2026-04-08 16:19:43
511,913185603260,小米米家净水器1000G 家用厨下式反渗透自来水过滤器纯净直饮水机,949.0,11000,,,,,,,https://mobile.yangkeduo.com/goods.html?goods_id=913185603260,2026-04-08,2026-04-08 16:19:43
512,846161125509,小米净水器S1 1600G母婴级厨下式家用反渗透RO过滤直饮机饮水机,1554.9,551,,,,,,,https://mobile.yangkeduo.com/goods.html?goods_id=846161125509,2026-04-08,2026-04-08 16:19:43
513,920039226801,小米米家净水器N1 800G家用厨房直饮RO反渗透自来水过滤器净水机,815.0,13000,,,,,,,https://mobile.yangkeduo.com/goods.html?goods_id=920039226801,2026-04-08,2026-04-08 16:19:43
514,868834757011,小米米家净水器1000G套装家用厨下式反渗透自来水过滤器净饮水机,942.0,1097,,,,,,,https://mobile.yangkeduo.com/goods.html?goods_id=868834757011,2026-04-08,2026-04-08 16:19:43
515,723055345400,米家小米富矿净水器1200G家用净饮机厨下5年长效RO反渗透直饮,1859.0,117,,,,,,,https://mobile.yangkeduo.com/goods.html?goods_id=723055345400,2026-04-08,2026-04-08 16:19:43
516,927184977767,小米米家净水器1000G PLUS家用厨房直饮反渗透自来水过滤器净水机,1034.0,1343,,,,,,,https://mobile.yangkeduo.com/goods.html?goods_id=927184977767,2026-04-08,2026-04-08 16:19:43
517,804711707568,小米米家净水器N1 1600G+管线机套装家用直饮自来水RO净水机,2448.0,403,,,,,,,https://mobile.yangkeduo.com/goods.html?goods_id=804711707568,2026-04-08,2026-04-08 16:19:43
518,927408924021,小米净水器PRO 双出水1200G RO过滤净饮一体净水机厨下母婴级认证,1759.0,2311,,,,,,,https://mobile.yangkeduo.com/goods.html?goods_id=927408924021,2026-04-08,2026-04-08 16:19:43
527,840331094690,海尔前置过滤器可视化网智能自动反冲洗家用中央全屋净水器Z26,442.0,,286,,,,10000,,https://mobile.yangkeduo.com/goods.html?goods_id=840331094690,2026-04-08,2026-04-08 16:19:50
528,921627872916,海尔管线机HGRZ2318厨房家用壁挂式即热直饮超薄四档控温全新正品,479.0,900,,,,,,,https://mobile.yangkeduo.com/goods.html?goods_id=921627872916,2026-04-08,2026-04-08 16:19:50
529,916386370228,海尔净水器1200G厨下家用净水机RO反渗透纯水机直饮管线机套装,1247.0,,,,,,71,,https://mobile.yangkeduo.com/goods.html?goods_id=916386370228,2026-04-08,2026-04-08 16:19:50
530,701564854246,海尔全屋前置过滤器家用自来水净水器全自动刮洗磁吸大通量净水机,339.0,22000,303,,,,,,https://mobile.yangkeduo.com/goods.html?goods_id=701564854246,2026-04-08,2026-04-08 16:19:50
531,722501701976,海尔家用厨下鲜活净水器1200G净水机通量直饮RO反渗透前置套装,909.0,,,,,,8958,,https://mobile.yangkeduo.com/goods.html?goods_id=722501701976,2026-04-08,2026-04-08 16:19:50
532,816503125802,海尔净水器家用鲜活水PRO抑菌瞬时1400G反渗透智能直饮双出水套装,1019.0,,,,,,66000,,https://mobile.yangkeduo.com/goods.html?goods_id=816503125802,2026-04-08,2026-04-08 16:19:50
533,743388902486,海尔新款净水器家用直饮净水机通量RO鲜活水反渗透直饮管线机套装,1684.0,1795,,,,,,,https://mobile.yangkeduo.com/goods.html?goods_id=743388902486,2026-04-08,2026-04-08 16:19:50
534,212162612478,海尔家用600G母婴净水器自来水净水机智能灯显龙头反渗透纯水机,789.62,856,,,,,,,https://mobile.yangkeduo.com/goods.html?goods_id=212162612478,2026-04-08,2026-04-08 16:19:50
535,2349947633,海尔炫彩触控家用温热款高端管线机净水器伴侣触控抑菌壁挂饮水机,909.0,495,,,,,,,https://mobile.yangkeduo.com/goods.html?goods_id=2349947633,2026-04-08,2026-04-08 16:19:50
536,201255739108,海尔净水器家用厨房自来水过滤器直饮净化RO反渗透纯水机全屋套餐,1308.0,,,,,,6833,,https://mobile.yangkeduo.com/goods.html?goods_id=201255739108,2026-04-08,2026-04-08 16:19:50
537,913760831003,海尔净水器家用600G大流量RO反渗透直饮机HKC1560-R320U1净水机,727.0,,,,,,8,,https://mobile.yangkeduo.com/goods.html?goods_id=913760831003,2026-04-08,2026-04-08 16:19:50
538,920928927606,海尔小轻芯 鲜活水 家用反渗透RO膜净水机 HKC1560-R360U1,843.0,,,,,,4,,https://mobile.yangkeduo.com/goods.html?goods_id=920928927606,2026-04-08,2026-04-08 16:19:50
539,292736984563,小熊净水器水龙头过滤器家用非直饮厨房前置净水自来水滤水器0031,29.8,,,,400,,100000,,https://mobile.yangkeduo.com/goods.html?goods_id=292736984563,2026-04-08,2026-04-08 16:19:58
542,896535224187,飞利浦净水器水龙头过滤器自来水家用滤水器厨浴非直饮前置净水器,98.0,2614,,,100,,,,https://mobile.yangkeduo.com/goods.html?goods_id=896535224187,2026-04-08,2026-04-08 16:19:58
546,845471041965,【官方正品】海尔净水器HKC3000-R889鲜活水PROMAX直饮机1400G,1829.0,1226,,100,,,,,https://mobile.yangkeduo.com/goods.html?goods_id=845471041965,2026-04-08,2026-04-08 16:19:58
547,852161740747,VIOMI云米净水器小海豚600G+升级版厨下式RO反渗透直饮家用,558.9,5631,,,40,,,,https://mobile.yangkeduo.com/goods.html?goods_id=852161740747,2026-04-08,2026-04-08 16:19:58
549,919625297522,小米米家龙头净水器2家用水龙头过滤器净化自来水净水机厨房滤水,90.9,,,,70,,916,,https://mobile.yangkeduo.com/goods.html?goods_id=919625297522,2026-04-08,2026-04-08 16:19:58
550,854824820292,海尔净水器家用直饮鲜活水1400G过滤加热净饮管线机HKC3000-R881,1169.0,,,,30,,20000,,https://mobile.yangkeduo.com/goods.html?goods_id=854824820292,2026-04-08,2026-04-08 16:19:58
551,353140007622,美的家用净水器 6年长效陶氏RO反渗透过滤膜1200GPRO厨下式净水器,1839.0,13000,,100,,,,,https://mobile.yangkeduo.com/goods.html?goods_id=353140007622,2026-04-08,2026-04-08 16:19:58
552,925797846179,海尔净水器厨下直饮家用1400GRO反渗透纯水机鲜活水PROMAX889,1549.0,,,100,,,2314,,https://mobile.yangkeduo.com/goods.html?goods_id=925797846179,2026-04-08,2026-04-08 16:19:58
555,606802504189,美的出品超滤家用净水器厨下式净水机不插电无废水保留矿物质,380.0,,,,30,,506000,,https://mobile.yangkeduo.com/goods.html?goods_id=606802504189,2026-04-08,2026-04-08 16:19:58
560,635594987496,艾美特前置花洒沐浴淋浴家用阻垢除氯龙头浴室净水器滤水器过滤器,27.3,,,,100,,,,https://mobile.yangkeduo.com/goods.html?goods_id=635594987496,2026-04-08,2026-04-08 16:19:58
561,794044940174,小米米家净水器N1 800G家用厨房直饮RO反渗透自来水过滤器净水机,815.0,,,,50,,,,https://mobile.yangkeduo.com/goods.html?goods_id=794044940174,2026-04-08,2026-04-08 16:19:58
565,626312797718,美的北极星超滤净水器家用式厨下不插电无废水厨下过滤保留矿物质,539.0,,,200,,,,,https://mobile.yangkeduo.com/goods.html?goods_id=626312797718,2026-04-08,2026-04-08 16:19:58
567,758150701089,沁园净水器10T大通量25微米全屋净水前置过滤器家用净水机滤水器,379.0,,,,30,,,,https://mobile.yangkeduo.com/goods.html?goods_id=758150701089,2026-04-08,2026-04-08 16:19:58
568,711881031979,海尔净水器家用厨下式直饮净水机RO反渗透套装纯水机自来水过滤器,846.0,,,,30,,,,https://mobile.yangkeduo.com/goods.html?goods_id=711881031979,2026-04-08,2026-04-08 16:19:58
569,824870103252,海尔新款净水器前置全屋过滤家用实时自动清洗15T抑菌水压监测,445.0,,,,40,,,,https://mobile.yangkeduo.com/goods.html?goods_id=824870103252,2026-04-08,2026-04-08 16:19:58
570,726880345881,海尔全屋前置过滤器家用智能全自动定时反冲洗净水机自来水净水器,619.0,,,,30,,,,https://mobile.yangkeduo.com/goods.html?goods_id=726880345881,2026-04-08,2026-04-08 16:19:58
572,786620855421,美的净水器入户水管前置过滤器15T大通量自动清洗防冻防爆家庭用,316.0,,,,40,,,,https://mobile.yangkeduo.com/goods.html?goods_id=786620855421,2026-04-08,2026-04-08 16:19:58
573,795204016964,米家前置过滤器 PRO 定时自动冲洗360°旋流反冲洗,559.9,,,100,,,,,https://mobile.yangkeduo.com/goods.html?goods_id=795204016964,2026-04-08,2026-04-08 16:19:58
574,877777336711,海尔净水器1200G家用RO膜反渗透直饮鲜活水厨下净水机单出水,855.0,,,,,,,,https://mobile.yangkeduo.com/goods.html?goods_id=877777336711,2026-04-08,2026-04-08 16:19:58
575,802032083576,海尔管线机家用加热饮水机净水器伴侣温热款六档水温炫彩触屏,645.0,,,100,,,,,https://mobile.yangkeduo.com/goods.html?goods_id=802032083576,2026-04-08,2026-04-08 16:19:58
578,724524723845,小米米家净水器1200G家用套装直饮RO反渗透水龙头过滤器纯净水机,969.0,,363,,,,,,https://mobile.yangkeduo.com/goods.html?goods_id=724524723845,2026-04-08,2026-04-08 16:19:58
579,5085107966,美的家用净水器直饮机厨下RO反渗透纯水机零陈水净水机,928.0,,,100,,,,,https://mobile.yangkeduo.com/goods.html?goods_id=5085107966,2026-04-08,2026-04-08 16:19:58
580,868851073714,VIOMI云米小海豚3 厨下净水器5年长效 600G RO反渗透纯水机,498.9,,,,30,,,,https://mobile.yangkeduo.com/goods.html?goods_id=868851073714,2026-04-08,2026-04-08 16:19:58
581,785356830165,海尔1200G鲜活水抑菌芯家用净水器厨下式大通量RO反渗透母婴直饮,1177.0,,,100,,,,,https://mobile.yangkeduo.com/goods.html?goods_id=785356830165,2026-04-08,2026-04-08 16:19:58
582,915797572693,VIOMI云米净水器小海豚600G+升级版厨下式 RO 反渗透直饮家用,599.0,,,,,,,,https://mobile.yangkeduo.com/goods.html?goods_id=915797572693,2026-04-08,2026-04-08 16:19:58
583,882364625777,美的净水器同比1200G大流速母婴直饮双出水厨下反渗透净水器,874.0,,,,,,,,https://mobile.yangkeduo.com/goods.html?goods_id=882364625777,2026-04-08,2026-04-08 16:19:58
584,388814911412,美的净水器家用厨下式RO反渗透双出水直饮机0陈水星河1000G大通量,1389.0,,,,,,,,https://mobile.yangkeduo.com/goods.html?goods_id=388814911412,2026-04-08,2026-04-08 16:19:58
585,265149114182,美的家用净水器1200G PRO 6年长效RO 直饮净水器厨下式鲜活零陈水,2659.0,,,,,,,,https://mobile.yangkeduo.com/goods.html?goods_id=265149114182,2026-04-08,2026-04-08 16:19:58
586,347579110147,美的星河净水器反渗透陶氏杜邦RO膜过滤制冷管线机套装四维杀菌,2688.0,,348,,,,,,https://mobile.yangkeduo.com/goods.html?goods_id=347579110147,2026-04-08,2026-04-08 16:19:58
587,906998197299,海尔鲜活水3.0抑菌净水器直饮过滤器净水器套装RO反渗透家用,1179.0,,,,,,,,https://mobile.yangkeduo.com/goods.html?goods_id=906998197299,2026-04-08,2026-04-08 16:19:58
588,131363133209,海尔前置过滤器全屋自来水净水器家用反冲洗超15T/H通量中央净水,287.0,,,,100,,,,https://mobile.yangkeduo.com/goods.html?goods_id=131363133209,2026-04-08,2026-04-08 16:19:58
589,613380551821,安吉尔前置过滤器净水器家用反冲洗自来水全屋大流量中央过滤防爆,358.0,,569,,,,,,https://mobile.yangkeduo.com/goods.html?goods_id=613380551821,2026-04-08,2026-04-08 16:19:58
590,209020621849,美的净水器反渗透全屋保护前置过滤器套装家用双出水厨下式2026年,809.0,,,200,,,,,https://mobile.yangkeduo.com/goods.html?goods_id=209020621849,2026-04-08,2026-04-08 16:19:58
591,872010839953,美的前置过滤器家用超15T顶配高压自动清洗抑制水垢全屋净水星河,459.9,,202,,,,,,https://mobile.yangkeduo.com/goods.html?goods_id=872010839953,2026-04-08,2026-04-08 16:19:58
592,758048463055,沁园前置过滤器净水器智能全自动10T大通量25微米全屋家用净水机,593.0,,,,40,,,,https://mobile.yangkeduo.com/goods.html?goods_id=758048463055,2026-04-08,2026-04-08 16:19:58
593,251362109724,美的管线机壁挂式即热即饮管线机正品多档定量取水WIFI智能调温,1093.0,,,,,,,,https://mobile.yangkeduo.com/goods.html?goods_id=251362109724,2026-04-08,2026-04-08 16:19:58
594,869991827991,沁园新品真1000G净水器大通量母婴直饮反渗透小白鲸双子芯同配,1091.0,,328,,,,,,https://mobile.yangkeduo.com/goods.html?goods_id=869991827991,2026-04-08,2026-04-08 16:19:58
595,841994274812,苏泊尔净热一体机UH01净水器直饮加热一体机RO反渗透过滤器饮水机,1167.0,,284,,,,,,https://mobile.yangkeduo.com/goods.html?goods_id=841994274812,2026-04-08,2026-04-08 16:19:58
596,758048911119,美的净水器家用接近1200G大流速RO反渗透0陈水纯矿双出水母婴直饮,839.0,,376,,,,,,https://mobile.yangkeduo.com/goods.html?goods_id=758048911119,2026-04-08,2026-04-08 16:19:58
597,901812772746,小米米家即热净水器1200G/Q800家用厨下式直饮RO反渗透过滤净水机,1629.0,,,,,,,,https://mobile.yangkeduo.com/goods.html?goods_id=901812772746,2026-04-08,2026-04-08 16:19:58
598,425381521577,海尔净水器家用厨下净水机直饮饮水机速热RO反渗透管线星空PRO套,1912.0,,486,,,,,,https://mobile.yangkeduo.com/goods.html?goods_id=425381521577,2026-04-08,2026-04-08 16:19:58
854,212162612478,海尔家用600G母婴净水器自来水净水机智能灯显龙头反渗透纯水机,789.62,856,,,,,,0,https://mobile.yangkeduo.com/goods.html?goods_id=212162612478,2026-04-09,2026-04-09 10:07:11
1108,326851167288,美的净水器家用双出水大流速 3年长效RO反渗透膜直饮厨下式净水机,809.0,16000,,,,,,0,https://mobile.yangkeduo.com/goods.html?goods_id=326851167288,2026-04-09,2026-04-09 10:57:13
1113,798482186210,云米小白龙800G+升级净水器厨房台下RO反渗透家用过滤母婴直饮,639.0,3639,,,,,,6,https://mobile.yangkeduo.com/goods.html?goods_id=798482186210,2026-04-09,2026-04-09 10:57:20
1114,916452280972,云米(VIOMI) 小海豚900G  家用净水机 净水器 反渗透6年长效 RO膜,749.0,,,,,,29,,https://mobile.yangkeduo.com/goods.html?goods_id=916452280972,2026-04-09,2026-04-09 10:57:20
1115,907059476083,云米净水器滤芯CROSS 3 5IN1复合滤芯RO反渗透600G、800G、1000G,132.0,,,,,,124,,https://mobile.yangkeduo.com/goods.html?goods_id=907059476083,2026-04-09,2026-04-09 10:57:20
1116,862873034610,VIOMI云米 小海豚3新品5年长效RO净水器反渗透纯水机 超滤升级,625.68,,,,,,1183,,https://mobile.yangkeduo.com/goods.html?goods_id=862873034610,2026-04-09,2026-04-09 10:57:20
1118,917032713009,VIOMI云米冷热管线机饮水机壁挂式双出水台式管线机UV杀菌,657.9,872,,,,,,1,https://mobile.yangkeduo.com/goods.html?goods_id=917032713009,2026-04-09,2026-04-09 10:57:20
1119,917031150770,VIOMI云米净水器600G小蓝调厨下式RO反渗透直饮家用6年长效,629.0,,,,,,38,,https://mobile.yangkeduo.com/goods.html?goods_id=917031150770,2026-04-09,2026-04-09 10:57:20
1122,890360751935,云米600G净水器小白龙系列大通量家用一级水效0阻垢剂不含双酚A,538.0,,,,,,20,,https://mobile.yangkeduo.com/goods.html?goods_id=890360751935,2026-04-09,2026-04-09 10:57:20
1123,270574611944,云米净水器家用1200G直饮机RO反渗透泉先净水机大通量SUPER PRO,1338.22,,,,,,112,,https://mobile.yangkeduo.com/goods.html?goods_id=270574611944,2026-04-09,2026-04-09 10:57:20
1125,882919216767,VIOMI云米净水器 800G 厨下净饮一体机水过滤 长效RO膜小米APP,683.9,51,,,,,,,https://mobile.yangkeduo.com/goods.html?goods_id=882919216767,2026-04-09,2026-04-09 10:57:20
1126,912927521784,云米(VIOMI) 小海豚  家用净水机 1200G净水器 反渗透RO膜,1273.0,,,,,,11,,https://mobile.yangkeduo.com/goods.html?goods_id=912927521784,2026-04-09,2026-04-09 10:57:20
1127,205458105137,VIOMI云米净水器1000G厨下式RO反渗透直饮过滤器净饮小海豚2,899.0,,,,,,32000,,https://mobile.yangkeduo.com/goods.html?goods_id=205458105137,2026-04-09,2026-04-09 10:57:20
1128,405074895113,适配小米净水器滤芯厨下400GRO反渗透1234号厨下600G前置原厂升级,475.5,,,,,,11000,,https://mobile.yangkeduo.com/goods.html?goods_id=405074895113,2026-04-09,2026-04-09 10:57:20
1129,917038452382,【冷热直饮套装】云米净水器家用厨下管线机套装一键即热制冷直饮,1349.0,,,,,,5,,https://mobile.yangkeduo.com/goods.html?goods_id=917038452382,2026-04-09,2026-04-09 10:57:20
1132,734308010080,安吉尔净水器前置过滤器家用反冲洗全铜自来水全屋大流量饮水机,398.0,,,100,,,14000,,https://mobile.yangkeduo.com/goods.html?goods_id=734308010080,2026-04-09,2026-04-09 10:57:25
1133,699100129664,安吉尔净水器家用魔方1900反渗透RO1.94L/分钟大通量厨下式纯水机,1107.0,,,,,,319,,https://mobile.yangkeduo.com/goods.html?goods_id=699100129664,2026-04-09,2026-04-09 10:57:25
1134,855128837800,安吉尔净水器玉龙MAX1200G家用过滤反渗透厨下直饮净水机航天除菌,2149.0,2225,,,,,,1,https://mobile.yangkeduo.com/goods.html?goods_id=855128837800,2026-04-09,2026-04-09 10:57:25
1135,856336872464,新款安吉尔净水器家用直饮厨房RO反渗透净饮水机魔方2代PRO2200,1483.0,,,,,,779,,https://mobile.yangkeduo.com/goods.html?goods_id=856336872464,2026-04-09,2026-04-09 10:57:25
1136,761269681404,安吉尔魔方MINIPRO净水器家用直饮机RO反渗透瞬时1200G体验0水垢,976.0,,,,,,88,,https://mobile.yangkeduo.com/goods.html?goods_id=761269681404,2026-04-09,2026-04-09 10:57:25
1137,811888713441,安吉尔净水器母婴级家用直饮矿物质水RO反渗透1200G厨下式净水机,3112.9,,,,,,126,,https://mobile.yangkeduo.com/goods.html?goods_id=811888713441,2026-04-09,2026-04-09 10:57:25
1138,931214270159,安吉尔净水器家用直饮哪吒1200G大通量RO反渗透厨下真矿水净水机,2349.0,267,,,,,,1,https://mobile.yangkeduo.com/goods.html?goods_id=931214270159,2026-04-09,2026-04-09 10:57:25
1139,796238085686,安吉尔魔方MINIPRO净水器直饮机RO反渗透净饮机瞬时1200G流速体验,1145.0,,,,,,6,,https://mobile.yangkeduo.com/goods.html?goods_id=796238085686,2026-04-09,2026-04-09 10:57:25
1140,878624536236,安吉尔净水器家用直饮RO反渗透自来水过滤器除垢玉龙PRO1000GSE,1448.0,,,,,,214,,https://mobile.yangkeduo.com/goods.html?goods_id=878624536236,2026-04-09,2026-04-09 10:57:25
1141,526557227471,安吉尔10T前置过滤器全自动智能家用净水器自来水过滤反冲洗,859.0,,,,,,5405,,https://mobile.yangkeduo.com/goods.html?goods_id=526557227471,2026-04-09,2026-04-09 10:57:25
1142,873595385182,安吉尔净水器反渗透厨下净饮机1500G流速5年长效RO家用E-TECH3800,1479.02,,,,,,120,,https://mobile.yangkeduo.com/goods.html?goods_id=873595385182,2026-04-09,2026-04-09 10:57:25
1144,255940946220,安吉尔净水器2025新款魔方2代家用RO反渗透直饮机厨房专用自来水,2997.0,,,,,,10000,,https://mobile.yangkeduo.com/goods.html?goods_id=255940946220,2026-04-09,2026-04-09 10:57:25
1145,830737139718,安吉尔J1205RO反渗透过滤母婴直饮机除垢净水器管线机两件套装,1859.0,,,,,,22,,https://mobile.yangkeduo.com/goods.html?goods_id=830737139718,2026-04-09,2026-04-09 10:57:25
1146,849113980297,安吉尔净水器家用RO反渗透矿物质厨下式自来水直饮大通量净水机,2798.0,,,,,,60,,https://mobile.yangkeduo.com/goods.html?goods_id=849113980297,2026-04-09,2026-04-09 10:57:25
1149,648892853552,米家小米净水器家用净水机800G 升级款 双芯过滤 5年长效RO反渗透,794.0,15000,,,,,,0,https://mobile.yangkeduo.com/goods.html?goods_id=648892853552,2026-04-09,2026-04-09 10:57:33
1150,714877112304,小米米家前置过滤器/PRO全屋大流量自来水反冲洗净水器家用滤水器,284.0,6761,254,,,,,10,https://mobile.yangkeduo.com/goods.html?goods_id=714877112304,2026-04-09,2026-04-09 10:57:33
1151,878626118056,小米米家净水器1600GPRO双出水家用厨下式净饮一体机直饮纯净水机,1799.0,2591,262,,,,,1,https://mobile.yangkeduo.com/goods.html?goods_id=878626118056,2026-04-09,2026-04-09 10:57:33
1152,926712475871,小米/米家净水器PRO双出水1200G直饮净水器家用双龙头母婴净水机,1459.0,2319,,,,,,8,https://mobile.yangkeduo.com/goods.html?goods_id=926712475871,2026-04-09,2026-04-09 10:57:33
1153,923182431536,小米米家水龙头净水器2水龙头过滤器家用自来水滤水器前置过滤器,91.0,16000,,,,,,0,https://mobile.yangkeduo.com/goods.html?goods_id=923182431536,2026-04-09,2026-04-09 10:57:33
1155,861519766493,小米米家净水器1600G家用厨下式RO反渗透净水纯水大通量净水器,1351.0,1186,,,,,,0,https://mobile.yangkeduo.com/goods.html?goods_id=861519766493,2026-04-09,2026-04-09 10:57:33
1156,917548710781,小米米家即热净水器Q1000大通量反渗透厨下式自来水过滤净饮水机,1735.0,4422,,,,,,0,https://mobile.yangkeduo.com/goods.html?goods_id=917548710781,2026-04-09,2026-04-09 10:57:33
1157,913185603260,小米米家净水器1000G 家用厨下式反渗透自来水过滤器纯净直饮水机,949.0,11000,,,,,,0,https://mobile.yangkeduo.com/goods.html?goods_id=913185603260,2026-04-09,2026-04-09 10:57:33
1158,846161125509,小米净水器S1 1600G母婴级厨下式家用反渗透RO过滤直饮机饮水机,1554.9,552,,,,,,1,https://mobile.yangkeduo.com/goods.html?goods_id=846161125509,2026-04-09,2026-04-09 10:57:33
1159,920039226801,小米米家净水器N1 800G家用厨房直饮RO反渗透自来水过滤器净水机,1569.0,13000,,,,,,0,https://mobile.yangkeduo.com/goods.html?goods_id=920039226801,2026-04-09,2026-04-09 10:57:33
1160,868834757011,小米米家净水器1000G套装家用厨下式反渗透自来水过滤器净饮水机,942.0,1097,,,,,,0,https://mobile.yangkeduo.com/goods.html?goods_id=868834757011,2026-04-09,2026-04-09 10:57:33
1161,771478529799,米家小米净水器N1 1600G 反渗透净饮机 厨下式直饮机 5年RO反渗透,1351.0,1186,,,,,,,https://mobile.yangkeduo.com/goods.html?goods_id=771478529799,2026-04-09,2026-04-09 10:57:33
1162,723055345400,米家小米富矿净水器1200G家用净饮机厨下5年长效RO反渗透直饮,1859.0,117,,,,,,0,https://mobile.yangkeduo.com/goods.html?goods_id=723055345400,2026-04-09,2026-04-09 10:57:33
1163,929227065932,小米米家净水器800G家用厨下式直饮反渗透自来水过滤器纯净饮水机,794.0,,,,,,19,,https://mobile.yangkeduo.com/goods.html?goods_id=929227065932,2026-04-09,2026-04-09 10:57:33
1164,927184977767,小米米家净水器1000G PLUS家用厨房直饮反渗透自来水过滤器净水机,1034.0,1344,,,,,,1,https://mobile.yangkeduo.com/goods.html?goods_id=927184977767,2026-04-09,2026-04-09 10:57:33
1165,901812772746,小米米家即热净水器1200G/Q800家用厨下式直饮RO反渗透过滤净水机,1629.0,2343,,,,,,,https://mobile.yangkeduo.com/goods.html?goods_id=901812772746,2026-04-09,2026-04-09 10:57:33
1166,927408924021,小米净水器PRO 双出水1200G RO过滤净饮一体净水机厨下母婴级认证,1759.0,2319,,,,,,8,https://mobile.yangkeduo.com/goods.html?goods_id=927408924021,2026-04-09,2026-04-09 10:57:33
1193,877777336711,海尔净水器1200G家用RO膜反渗透直饮鲜活水厨下净水机单出水,855.0,,,,,,,,https://mobile.yangkeduo.com/goods.html?goods_id=877777336711,2026-04-09,2026-04-09 10:57:39
1194,795204016964,米家前置过滤器 PRO 定时自动冲洗360°旋流反冲洗,559.9,,,100,,,,,https://mobile.yangkeduo.com/goods.html?goods_id=795204016964,2026-04-09,2026-04-09 10:57:39
1212,793802267792,小米米家即热净水器1200G家用厨下大通量速热净水机RO反渗透过滤,2027.0,1231,,,,,,6,https://mobile.yangkeduo.com/goods.html?goods_id=793802267792,2026-04-09,2026-04-09 10:57:45
1219,604868594644,美的管线机即热直饮六档温控全屏触控定量出水家用壁挂式餐边柜,1184.0,,,,,,62,,https://mobile.yangkeduo.com/goods.html?goods_id=604868594644,2026-04-09,2026-04-09 10:57:45
1221,733118101766,管线机壁挂式加热一体机家用净水器伴侣全通量适配5档调温速热I80,819.0,,,,,,3,,https://mobile.yangkeduo.com/goods.html?goods_id=733118101766,2026-04-09,2026-04-09 10:57:45
1226,571724488626,美的净水器家用反渗透母婴直饮即热管线机1000GPRO直饮加热套装,2825.0,16000,,,,,,,https://mobile.yangkeduo.com/goods.html?goods_id=571724488626,2026-04-09,2026-04-09 10:57:51
1227,251362109724,美的管线机壁挂式即热即饮管线机正品多档定量取水WIFI智能调温,1014.09,,,,,,1154,,https://mobile.yangkeduo.com/goods.html?goods_id=251362109724,2026-04-09,2026-04-09 10:57:51
1230,927169992498,海尔鲜活冰台式饮水机制冰即热一体机冰块净水器家用加热净饮机,2175.0,115,,,,,,,https://mobile.yangkeduo.com/goods.html?goods_id=927169992498,2026-04-09,2026-04-09 10:57:51
1231,639976240968,美的净水器家用管线机速热母婴直饮RO反渗透智能厨房厨下净饮机,2141.0,,,,,,4620,,https://mobile.yangkeduo.com/goods.html?goods_id=639976240968,2026-04-09,2026-04-09 10:57:51
1232,928583885957,美的管线机家用六段控温三秒速热壁挂饮水机即热净水伴侣MG249-R,898.0,,,,,,12,,https://mobile.yangkeduo.com/goods.html?goods_id=928583885957,2026-04-09,2026-04-09 10:57:51
1233,927964333158,美的魔方矿泉机制冷加热一体机 6年陶氏RO膜台式净饮机JD3388T-RO,2699.0,,,,,,7,,https://mobile.yangkeduo.com/goods.html?goods_id=927964333158,2026-04-09,2026-04-09 10:57:51
1234,917001945930,云米矿泉台式净饮机即热式饮水机直饮家用矿化加热一体机净水器,931.28,55,,,,,,0,https://mobile.yangkeduo.com/goods.html?goods_id=917001945930,2026-04-09,2026-04-09 10:57:51
1235,917034829515,VIOMI云米制冷管线机壁挂式 直饮机 饮水机 UV全水路杀菌速热制冷,869.0,7822,,,,,,0,https://mobile.yangkeduo.com/goods.html?goods_id=917034829515,2026-04-09,2026-04-09 10:57:51
1236,925180154859,美的家用直饮加热净水器5年RO反渗透1800G温热水厨下式0阻垢剂,3499.0,,,,,,3,,https://mobile.yangkeduo.com/goods.html?goods_id=925180154859,2026-04-09,2026-04-09 10:57:51
1237,416696811347,飞利浦家用净水器直饮即热饮水机台式净化加热一体机ADD6808,916.95,33,,,,,,,https://mobile.yangkeduo.com/goods.html?goods_id=416696811347,2026-04-09,2026-04-09 10:57:51
1239,918252038083,安吉尔管线机变频加热 智能UV杀菌家用G1饮水机 净水器伴侣直饮机,868.0,,,,,,,,https://mobile.yangkeduo.com/goods.html?goods_id=918252038083,2026-04-09,2026-04-09 10:57:51
1240,364990106384,云米即热净水器厨房家用直饮RO反渗透加热净饮一体机1000G,1599.0,,,,,,403,,https://mobile.yangkeduo.com/goods.html?goods_id=364990106384,2026-04-09,2026-04-09 10:57:51
1241,929919776582,海尔HGRZ-TF3管线机家用壁挂式净水器伴侣超薄即热式直饮四档调温,541.0,568,,,,,,,https://mobile.yangkeduo.com/goods.html?goods_id=929919776582,2026-04-09,2026-04-09 10:57:51
1249,856547421423,海尔净水器鲜活水PROMAX家用直饮机 厨卫净饮机HKC3000-R889D2U1,1369.0,1262,,,,,,,https://mobile.yangkeduo.com/goods.html?goods_id=856547421423,2026-04-09,2026-04-09 10:57:57
1250,840331094690,海尔前置过滤器可视化网智能自动反冲洗家用中央全屋净水器Z26,442.0,20000,292,,,,,,https://mobile.yangkeduo.com/goods.html?goods_id=840331094690,2026-04-09,2026-04-09 10:57:57
1255,816503125802,海尔净水器家用鲜活水PRO抑菌瞬时1400G反渗透智能直饮双出水套装,1019.0,,,,,,66000,,https://mobile.yangkeduo.com/goods.html?goods_id=816503125802,2026-04-09,2026-04-09 10:57:57
1256,743388902486,海尔新款净水器家用直饮净水机通量RO鲜活水反渗透直饮管线机套装,1684.0,1797,,,,,,2,https://mobile.yangkeduo.com/goods.html?goods_id=743388902486,2026-04-09,2026-04-09 10:57:57
1257,722501701976,海尔家用厨下鲜活净水器1200G净水机通量直饮RO反渗透前置套装,909.0,,,,,,8958,,https://mobile.yangkeduo.com/goods.html?goods_id=722501701976,2026-04-09,2026-04-09 10:57:57
1258,922421977506,海尔新款净水器鲜活水PROMAX2000G加热直饮一体3.0抑菌滤芯净水机,3108.0,,,,,,13,,https://mobile.yangkeduo.com/goods.html?goods_id=922421977506,2026-04-09,2026-04-09 10:57:57
1259,906998197299,海尔鲜活水3.0抑菌净水器直饮过滤器净水器套装RO反渗透家用,999.0,5384,,,,,,,https://mobile.yangkeduo.com/goods.html?goods_id=906998197299,2026-04-09,2026-04-09 10:57:57
1260,2349947633,海尔炫彩触控家用温热款高端管线机净水器伴侣触控抑菌壁挂饮水机,909.0,495,,,,,,0,https://mobile.yangkeduo.com/goods.html?goods_id=2349947633,2026-04-09,2026-04-09 10:57:57
1267,868851073714,VIOMI云米小海豚3 厨下净水器5年长效 600G RO反渗透纯水机,498.9,25000,,,30,,,,https://mobile.yangkeduo.com/goods.html?goods_id=868851073714,2026-04-09,2026-04-09 10:58:05
1269,665586685117,安吉尔净水器家用直饮厨房RO反渗透瞬时1200G流速体验除垢抑菌,877.0,,,100,,,501000,,https://mobile.yangkeduo.com/goods.html?goods_id=665586685117,2026-04-09,2026-04-09 10:58:05
1274,723053416812,小米净水器N1/S1 1200G家用净饮机5年RO反渗透净水器厨房台下,947.0,4061,,,,,,13,https://mobile.yangkeduo.com/goods.html?goods_id=723053416812,2026-04-09,2026-04-09 10:58:05
1277,882230937076,沁园净水器小白鲸PRO1200G家用净饮机6年RO反渗透智能家用触控屏,1649.0,267,,,,,,,https://mobile.yangkeduo.com/goods.html?goods_id=882230937076,2026-04-09,2026-04-09 10:58:05
1278,931231435161,海尔家用鲜活水净水器PROMAX直饮1200加仑反渗透RO膜净水机,1666.0,,,,,,39,,https://mobile.yangkeduo.com/goods.html?goods_id=931231435161,2026-04-09,2026-04-09 10:58:05
1281,916386370228,海尔净水器1200G厨下家用净水机RO反渗透纯水机直饮管线机套装,1247.0,,,,,,76,,https://mobile.yangkeduo.com/goods.html?goods_id=916386370228,2026-04-09,2026-04-09 10:58:05
1287,869991827991,沁园新品真1000G净水器大通量母婴直饮反渗透小白鲸双子芯同配,1091.0,,324,,,,,,https://mobile.yangkeduo.com/goods.html?goods_id=869991827991,2026-04-09,2026-04-09 10:58:05
1288,804367259342,沁园小白鲸净水器直饮家用厨房长效RO纯水机反渗透净水机,1099.0,,,,,,,,https://mobile.yangkeduo.com/goods.html?goods_id=804367259342,2026-04-09,2026-04-09 10:58:05
1289,885690465484,VIOMI云米净水器小海豚600G+升级版厨下式RO反渗透直饮家用,559.0,,,,,,,,https://mobile.yangkeduo.com/goods.html?goods_id=885690465484,2026-04-09,2026-04-09 10:58:05
1291,726880345881,海尔全屋前置过滤器家用智能全自动定时反冲洗净水机自来水净水器,619.0,4750,,,30,,,,https://mobile.yangkeduo.com/goods.html?goods_id=726880345881,2026-04-09,2026-04-09 10:58:11
1292,425381521577,海尔净水器家用厨下净水机直饮饮水机速热RO反渗透管线星空PRO套,900.0,2185,477,,,,,,https://mobile.yangkeduo.com/goods.html?goods_id=425381521577,2026-04-09,2026-04-09 10:58:11
1295,711881031979,海尔净水器家用厨下式直饮净水机RO反渗透套装纯水机自来水过滤器,846.0,11000,,,40,,,,https://mobile.yangkeduo.com/goods.html?goods_id=711881031979,2026-04-09,2026-04-09 10:58:11
1296,330557169802,海尔前置过滤器全屋自来水净水器家用手动冲洗6T通量中央净水器,255.0,2122,,,,,,,https://mobile.yangkeduo.com/goods.html?goods_id=330557169802,2026-04-09,2026-04-09 10:58:11
1297,562373219461,海尔净水机家用新款母婴鲜活直饮RO反渗透厨下式前置过滤全屋套装,849.0,,339,,,,2653,,https://mobile.yangkeduo.com/goods.html?goods_id=562373219461,2026-04-09,2026-04-09 10:58:11
1298,201255739108,海尔净水器家用厨房自来水过滤器直饮净化RO反渗透纯水机全屋套餐,1308.0,,,,,,6833,,https://mobile.yangkeduo.com/goods.html?goods_id=201255739108,2026-04-09,2026-04-09 10:58:11
1299,660530039826,海尔净水器家用直饮过滤加热一体搭配前置过滤壁挂式即热管线制冷,1818.0,,,,,,223,,https://mobile.yangkeduo.com/goods.html?goods_id=660530039826,2026-04-09,2026-04-09 10:58:11
1301,699767517417,海尔净水器HU603-5A净化/软化/升级版603-3A净水机直饮机配件耗材,83.7,,,,,,199,,https://mobile.yangkeduo.com/goods.html?goods_id=699767517417,2026-04-09,2026-04-09 10:58:11
1302,715871400982,海尔前置过滤器全屋自来水净水器净水家用反冲洗自动净水机大通量,279.0,1823,,,,,,,https://mobile.yangkeduo.com/goods.html?goods_id=715871400982,2026-04-09,2026-04-09 10:58:11
1303,125855567659,海尔新款水龙头净水器净水直滤饮厨房家用滤水器前置自来水过滤器,148.0,,,,,,8864,,https://mobile.yangkeduo.com/goods.html?goods_id=125855567659,2026-04-09,2026-04-09 10:58:11
1304,785356830165,海尔1200G鲜活水抑菌芯家用净水器厨下式大通量RO反渗透母婴直饮,999.0,5384,,100,,,,,https://mobile.yangkeduo.com/goods.html?goods_id=785356830165,2026-04-09,2026-04-09 10:58:11
1305,802032083576,海尔管线机家用加热饮水机净水器伴侣温热款六档水温炫彩触屏,640.0,8755,,100,,,,,https://mobile.yangkeduo.com/goods.html?goods_id=802032083576,2026-04-09,2026-04-09 10:58:11
1306,759505794348,海尔净水器家用PRO1200G鲜活水RO反渗透厨下过滤自来水直饮纯水机,957.99,24000,,,,,,,https://mobile.yangkeduo.com/goods.html?goods_id=759505794348,2026-04-09,2026-04-09 10:58:11
1307,717443110416,海尔施特劳斯净水器机滤芯HSDF-M6G4/G5家用直饮MAZE智清超滤套装,100.89,135,,,,,,,https://mobile.yangkeduo.com/goods.html?goods_id=717443110416,2026-04-09,2026-04-09 10:58:11
1308,744865103769,海尔净水器鲜活水PRO家用1200G双出水RO反渗透直饮机880D净水机,1034.99,,,,,,727,,https://mobile.yangkeduo.com/goods.html?goods_id=744865103769,2026-04-09,2026-04-09 10:58:11
1309,191323389140,海尔前置过滤器反冲洗双涡轮家用全屋自来水驱超大通量中央净水机,428.0,,,,,,22000,,https://mobile.yangkeduo.com/goods.html?goods_id=191323389140,2026-04-09,2026-04-09 10:58:11
1312,574194583631,九阳净水器家用直饮厨房自来水前置过滤器直饮机超滤净水机净化器,231.0,9899,,100,,,,,https://mobile.yangkeduo.com/goods.html?goods_id=574194583631,2026-04-09,2026-04-09 10:58:20
1313,711422430617,海尔净水器家用饮水机厨房自来水过滤器超滤机厨上厨下式全新升级,378.99,,245,,,,12000,,https://mobile.yangkeduo.com/goods.html?goods_id=711422430617,2026-04-09,2026-04-09 10:58:20
1315,796399068471,九阳净水器家用厨房自来水台式水龙头净化直饮过滤器净水机RC132,194.9,2156,,,,,,,https://mobile.yangkeduo.com/goods.html?goods_id=796399068471,2026-04-09,2026-04-09 10:58:20
1316,718759640392,九阳净水器超滤家用直饮厨房水龙头净化自来水过滤台上式,200.6,,265,,,,1498,,https://mobile.yangkeduo.com/goods.html?goods_id=718759640392,2026-04-09,2026-04-09 10:58:20
1317,718829314127,沁园0阻垢剂净水器超滤家用厨房自来水过滤机不插电无废水1004,358.0,18000,,,,,,,https://mobile.yangkeduo.com/goods.html?goods_id=718829314127,2026-04-09,2026-04-09 10:58:20
1319,416922320046,飞利浦净水器家用直饮净水机厨房前置超滤机自来水滤水过滤器1210,625.96,7219,,,,,,,https://mobile.yangkeduo.com/goods.html?goods_id=416922320046,2026-04-09,2026-04-09 10:58:20
1320,558960594706,飞利浦净水器家用直饮净水机厨房超滤机自来水龙头超滤不插电净化,364.99,1747,,,,,,,https://mobile.yangkeduo.com/goods.html?goods_id=558960594706,2026-04-09,2026-04-09 10:58:20
1321,728615654775,九阳新款1000G厨房自来水家用过滤器净水机厨下式净水器直饮机,440.0,,,,,,10000,,https://mobile.yangkeduo.com/goods.html?goods_id=728615654775,2026-04-09,2026-04-09 10:58:20
1322,706194988498,沁园净水器家用厨房自来水过滤超滤机不插电无废水官方旗舰店1004,299.0,,,,,,6613,,https://mobile.yangkeduo.com/goods.html?goods_id=706194988498,2026-04-09,2026-04-09 10:58:20
1324,928634810056,小熊净水器家用直饮机厨房净饮水机自来水滤水机过滤器台式免安装,279.0,6,,,,,,,https://mobile.yangkeduo.com/goods.html?goods_id=928634810056,2026-04-09,2026-04-09 10:58:20
1325,832946488978,九阳净水器家用超滤直饮净水机大流速无废水厨下自来水前置过滤器,273.0,,,,,,87,,https://mobile.yangkeduo.com/goods.html?goods_id=832946488978,2026-04-09,2026-04-09 10:58:20
1326,756998852249,沁园净水器超滤官方家用饮水机自来水过滤净水机直饮厨下前置过滤,599.0,,,,,,,,https://mobile.yangkeduo.com/goods.html?goods_id=756998852249,2026-04-09,2026-04-09 10:58:20
1327,435919446164,九阳前置过滤器龙头自来水净水器智能反冲洗大净化家用滤水器,189.0,,,,,,1358,,https://mobile.yangkeduo.com/goods.html?goods_id=435919446164,2026-04-09,2026-04-09 10:58:20
1328,681144350131,【官翻机】美的出品华凌净水器厨下式不插电超滤净水机MU151-4,388.0,,,,,,651,,https://mobile.yangkeduo.com/goods.html?goods_id=681144350131,2026-04-09,2026-04-09 10:58:20
1329,545750680892,爱惠浦净水器直饮家用净水器超滤厨房自来水过滤器EVP-6000PIUS,412.0,52000,,,,,,,https://mobile.yangkeduo.com/goods.html?goods_id=545750680892,2026-04-09,2026-04-09 10:58:20
1330,169695269773,苏泊尔小厨宝厨房热水器小型电家用储水式厨房宝即热式热水宝厨宝,338.6,30000,,,,,,,https://mobile.yangkeduo.com/goods.html?goods_id=169695269773,2026-04-09,2026-04-09 10:58:26
1331,4815570184,美的热水器小厨宝上出水家用厨房洗手洗菜用热水宝11升一级省电,334.0,35000,,100,,,,,https://mobile.yangkeduo.com/goods.html?goods_id=4815570184,2026-04-09,2026-04-09 10:58:26
1332,247712335495,AO史密斯厨房6/10升上出水佳尼特小厨宝电热即热储水省电热水器B2,557.0,4000,297,,,,,,https://mobile.yangkeduo.com/goods.html?goods_id=247712335495,2026-04-09,2026-04-09 10:58:26
1333,657680139628,飞利浦家用小厨宝高性价比上出水储水厨房热水小型电热水器,349.99,,,,,,7347,,https://mobile.yangkeduo.com/goods.html?goods_id=657680139628,2026-04-09,2026-04-09 10:58:26
1334,653753195573,苏泊尔小厨宝厨房热水器小型家用储水式厨房宝洗碗热水器厨宝热水,274.0,5000,310,,,,,,https://mobile.yangkeduo.com/goods.html?goods_id=653753195573,2026-04-09,2026-04-09 10:58:26
1335,638416371017,海尔小厨宝无缝胆热水宝厨房2500W家用速热15升储水式电热上出水,559.0,7500,323,,,,,,https://mobile.yangkeduo.com/goods.html?goods_id=638416371017,2026-04-09,2026-04-09 10:58:26
1336,683272527874,苏泊尔PK15小厨宝厨房热水器小型电家用储水式厨房宝即热式小厨宝,392.0,,,,,,4500,,https://mobile.yangkeduo.com/goods.html?goods_id=683272527874,2026-04-09,2026-04-09 10:58:26
1337,779987551985,海尔出品金刚无缝胆6.6升小厨宝超一级能效2200W速热储水式,300.29,8500,,100,,,,,https://mobile.yangkeduo.com/goods.html?goods_id=779987551985,2026-04-09,2026-04-09 10:58:26
1338,233939485541,海尔小厨宝8升统帅厨宝上出水锆金全瓷不留垢2200W速热一级能效,377.99,,,,,,1000,,https://mobile.yangkeduo.com/goods.html?goods_id=233939485541,2026-04-09,2026-04-09 10:58:26
1339,313034289566,创维即热小厨宝电热水器即热式台下宝热水器家用洗澡小型恒温省电,261.0,,,,,,700,,https://mobile.yangkeduo.com/goods.html?goods_id=313034289566,2026-04-09,2026-04-09 10:58:26
1340,731229377026,海尔储水式电热水器小厨宝一级节能8L家用恒温2200W速热厨房EC8FA,438.0,,,,,,,,https://mobile.yangkeduo.com/goods.html?goods_id=731229377026,2026-04-09,2026-04-09 10:58:26
1341,649248843674,阿诗丹顿 小厨宝上出水下出水储水式电热厨宝小型热水器节能家用,349.0,,,,,,65,,https://mobile.yangkeduo.com/goods.html?goods_id=649248843674,2026-04-09,2026-04-09 10:58:26
1342,624208790386,创维即热式小厨宝热水器迷你速热小厨宝即热式厨房卫生间免储水,232.98,3000,,,,,,,https://mobile.yangkeduo.com/goods.html?goods_id=624208790386,2026-04-09,2026-04-09 10:58:26
1343,778384537425,帅康6.5L储水式阳台台下小型壁挂式即热电热水器小厨宝厨房卫生间,389.0,,,,,,1300,,https://mobile.yangkeduo.com/goods.html?goods_id=778384537425,2026-04-09,2026-04-09 10:58:26
1344,84722091385,万家乐小厨宝速热家用1级能效上出水厨房热水宝小型电热水器6.6升,360.0,,,,,,1535,,https://mobile.yangkeduo.com/goods.html?goods_id=84722091385,2026-04-09,2026-04-09 10:58:26
1345,729922280136,海尔智家LEADER小厨宝电热水器6.6升家用厨房一级能效节能6.6TP,386.0,10000,,,,,,,https://mobile.yangkeduo.com/goods.html?goods_id=729922280136,2026-04-09,2026-04-09 10:58:26
1346,298783545885,苏泊尔即热式厨宝7L厨房上出水热水器家用速热厨下小型电热水器,345.0,,,,,,500,,https://mobile.yangkeduo.com/goods.html?goods_id=298783545885,2026-04-09,2026-04-09 10:58:26
1347,684851453099,6.6L/7.6L美的F7.6-20CB5(ES)厨宝小型迷你电家用台下速热大水量,390.0,,,,,,170,,https://mobile.yangkeduo.com/goods.html?goods_id=684851453099,2026-04-09,2026-04-09 10:58:26
1348,849357274057,AO史密斯小厨宝厨房6/10升上出水厨宝电热即热储水热水器B2,768.0,,,,,,500,,https://mobile.yangkeduo.com/goods.html?goods_id=849357274057,2026-04-09,2026-04-09 10:58:26
1349,826821203249,飞利浦小厨宝家用厨房卫生间大型商用储水式大流量高温热水器15L,449.0,,,,,,,,https://mobile.yangkeduo.com/goods.html?goods_id=826821203249,2026-04-09,2026-04-09 10:58:26
1350,519309706348,苏泊尔净水壶大容量自来水活性炭过滤器家用非直饮厨房滤水壶净水,67.62,,,,50,,522000,,https://mobile.yangkeduo.com/goods.html?goods_id=519309706348,2026-04-09,2026-04-09 10:58:33
1351,841994274812,苏泊尔净热一体机UH01净水器直饮加热一体机RO反渗透过滤器饮水机,1167.0,11000,290,,,,,,https://mobile.yangkeduo.com/goods.html?goods_id=841994274812,2026-04-09,2026-04-09 10:58:33
1352,878506006640,苏泊尔即热净水器家用直饮RO反渗透净饮水机加热净热一体机UR2T1,1538.0,3269,252,,,,,,https://mobile.yangkeduo.com/goods.html?goods_id=878506006640,2026-04-09,2026-04-09 10:58:33
1353,856906272522,苏泊尔反渗透净水器家用直饮RO自来水过滤器厨下净水机正品PR40,741.0,,303,,,,1421,,https://mobile.yangkeduo.com/goods.html?goods_id=856906272522,2026-04-09,2026-04-09 10:58:33
1354,639756956977,苏泊尔UU01净水器家用厨房前置自来水过滤器超滤水龙头滤水净化器,297.99,17000,204,,,,,,https://mobile.yangkeduo.com/goods.html?goods_id=639756956977,2026-04-09,2026-04-09 10:58:33
1355,745452738249,重磅新品苏泊尔管线机家用壁挂式直饮机2025新款即热式净饮机,477.16,,278,,,,2051,,https://mobile.yangkeduo.com/goods.html?goods_id=745452738249,2026-04-09,2026-04-09 10:58:33
1356,917039553588,苏泊尔1200G净水器家用直饮RO反渗透过滤器自来饮水纯水机UR106,1498.02,1179,,,,,,,https://mobile.yangkeduo.com/goods.html?goods_id=917039553588,2026-04-09,2026-04-09 10:58:33
1357,582318433701,苏泊尔净水器家用非直饮净水机厨房超滤机自来水过滤器超滤净水器,259.0,,,,,,879,,https://mobile.yangkeduo.com/goods.html?goods_id=582318433701,2026-04-09,2026-04-09 10:58:33
1358,899607568359,苏泊尔厨下净水器高净大通量1000G净水机5年长效厨房净饮机直饮机,1171.0,,,,,,16,,https://mobile.yangkeduo.com/goods.html?goods_id=899607568359,2026-04-09,2026-04-09 10:58:33
1359,862611065849,苏泊尔净水器大通量家用RO反渗透直饮机净水机PR1000G纯水机新款,982.0,,,,,,1151,,https://mobile.yangkeduo.com/goods.html?goods_id=862611065849,2026-04-09,2026-04-09 10:58:33
1360,841439291898,苏泊尔反渗透净水器家用直饮水机过滤器RO反渗透双出水净水机,806.0,206,,,,,,,https://mobile.yangkeduo.com/goods.html?goods_id=841439291898,2026-04-09,2026-04-09 10:58:33
1361,734195643473,苏泊尔管线机家用壁挂式直饮机加热净水器速即热式饮水机,440.0,,,,,,1097,,https://mobile.yangkeduo.com/goods.html?goods_id=734195643473,2026-04-09,2026-04-09 10:58:33
1362,896702472527,苏泊尔净水器家用非直饮厨房自来水龙头过滤器前置超滤厨下,259.0,,,,,,30,,https://mobile.yangkeduo.com/goods.html?goods_id=896702472527,2026-04-09,2026-04-09 10:58:33
1363,563779180788,苏泊尔水龙头净水器家用自来水过滤器通用厨房过滤器C12,59.0,20000,,,,,,,https://mobile.yangkeduo.com/goods.html?goods_id=563779180788,2026-04-09,2026-04-09 10:58:33
1364,453285599991,苏泊尔净水器家用非直饮厨房自来水过滤器台上式水龙头净水器,158.9,12000,,,,,,,https://mobile.yangkeduo.com/goods.html?goods_id=453285599991,2026-04-09,2026-04-09 10:58:33
1365,932527942054,苏泊尔水龙头过滤器净水器家用非直饮厨房通用超滤净水过滤器正品,49.0,,,,,,4,,https://mobile.yangkeduo.com/goods.html?goods_id=932527942054,2026-04-09,2026-04-09 10:58:33
1366,724054545655,苏泊尔UR60净水器家用RO反渗透厨房自来水过滤器直饮机厨下净水机,809.0,,,,,,41,,https://mobile.yangkeduo.com/goods.html?goods_id=724054545655,2026-04-09,2026-04-09 10:58:33
1367,887143665081,苏泊尔净水器大通量家用RO反渗透直饮机净水机1000G纯水机,1390.0,2167,,,,,,,https://mobile.yangkeduo.com/goods.html?goods_id=887143665081,2026-04-09,2026-04-09 10:58:33
1368,456550430048,苏泊尔净水壶家用净水器厨房滤水壶便携净水杯自来水过滤器J-UF01,79.0,,,,,,1061,,https://mobile.yangkeduo.com/goods.html?goods_id=456550430048,2026-04-09,2026-04-09 10:58:33
1369,795764985888,苏泊尔净水机家用母婴直饮机RO反渗透厨房自来水纯水机400G大通量,748.0,,,,,,11,,https://mobile.yangkeduo.com/goods.html?goods_id=795764985888,2026-04-09,2026-04-09 10:58:33
1370,131363133209,海尔前置过滤器全屋自来水净水器家用反冲洗超15T/H通量中央净水,287.0,142000,,,100,,,,https://mobile.yangkeduo.com/goods.html?goods_id=131363133209,2026-04-09,2026-04-09 10:58:40
1372,782079120944,顾家超滤净水器家用直饮用水厨房自来水不锈钢过滤前置阻垢滤水器,268.0,14000,,,100,,,,https://mobile.yangkeduo.com/goods.html?goods_id=782079120944,2026-04-09,2026-04-09 10:58:40
1374,635594987496,艾美特前置花洒沐浴淋浴家用阻垢除氯龙头浴室净水器滤水器过滤器,27.3,594000,,,100,,,,https://mobile.yangkeduo.com/goods.html?goods_id=635594987496,2026-04-09,2026-04-09 10:58:40
1376,758048463055,沁园前置过滤器净水器智能全自动10T大通量25微米全屋家用净水机,593.0,4778,,,30,,,,https://mobile.yangkeduo.com/goods.html?goods_id=758048463055,2026-04-09,2026-04-09 10:58:40
1377,919625297522,小米米家龙头净水器2家用水龙头过滤器净化自来水净水机厨房滤水,90.9,,,,70,,942,,https://mobile.yangkeduo.com/goods.html?goods_id=919625297522,2026-04-09,2026-04-09 10:58:40
1379,899696765481,菲普诺不锈钢全屋净水器流量家用农村井水自来水超滤黄泥过滤器,98.0,2446,,,50,,,,https://mobile.yangkeduo.com/goods.html?goods_id=899696765481,2026-04-09,2026-04-09 10:58:40
1382,852161740747,VIOMI云米净水器小海豚600G+升级版厨下式RO反渗透直饮家用,558.9,5655,,,30,,,24,https://mobile.yangkeduo.com/goods.html?goods_id=852161740747,2026-04-09,2026-04-09 10:58:40
1384,571782273125,家用净水器滤芯通用10寸一体快接五级过滤器套装活性碳除垢滤芯,27.79,14000,,,70,,,,https://mobile.yangkeduo.com/goods.html?goods_id=571782273125,2026-04-09,2026-04-09 10:58:40
1386,873652849634,德克史帝夫正品304不锈钢净水器家用直饮超滤99%水龙头通用过滤器,129.0,,,,50,,3947,,https://mobile.yangkeduo.com/goods.html?goods_id=873652849634,2026-04-09,2026-04-09 10:58:40
1389,854824820292,海尔净水器家用直饮鲜活水1400G过滤加热净饮管线机HKC3000-R881,1169.0,,,,30,,20000,,https://mobile.yangkeduo.com/goods.html?goods_id=854824820292,2026-04-09,2026-04-09 10:58:40
1390,654991409324,世净城净水器10寸透明滤瓶2分4分前置过滤器PP棉免挂板铜口过滤筒,15.94,,,,50,,,,https://mobile.yangkeduo.com/goods.html?goods_id=654991409324,2026-04-09,2026-04-09 10:58:40
1392,872986550973,沁园【TRULIVA】可直饮龙头净水器除垢除氯除菌可视滤水器过滤器,82.99,,,,100,,,,https://mobile.yangkeduo.com/goods.html?goods_id=872986550973,2026-04-09,2026-04-09 10:58:40
1394,694909780784,飞利浦净水壶通用滤芯AWP210家用厨房滤水壶过滤芯适用碧然德水壶,46.46,,,200,,,,,https://mobile.yangkeduo.com/goods.html?goods_id=694909780784,2026-04-09,2026-04-09 10:58:40
1395,758150701089,沁园净水器10T大通量25微米全屋净水前置过滤器家用净水机滤水器,379.0,,,,40,,,,https://mobile.yangkeduo.com/goods.html?goods_id=758150701089,2026-04-09,2026-04-09 10:58:40
1396,268559052855,官方正品净水壶3.5L家用滤水壶过滤芯通用德国净水器滤芯原装,36.1,,,,50,,,,https://mobile.yangkeduo.com/goods.html?goods_id=268559052855,2026-04-09,2026-04-09 10:58:40
1397,824870103252,海尔新款净水器前置全屋过滤家用实时自动清洗15T抑菌水压监测,445.0,,,,30,,,,https://mobile.yangkeduo.com/goods.html?goods_id=824870103252,2026-04-09,2026-04-09 10:58:40
1398,916995438281,德克史帝夫正品304不锈钢净水器家用直饮超滤99%水龙头通用过滤器,99.0,,,,80,,,,https://mobile.yangkeduo.com/goods.html?goods_id=916995438281,2026-04-09,2026-04-09 10:58:40
1399,482649641294,家用净水器RO反渗透出水直饮厨下式自来水过滤器纯水机除垢净水机,246.0,,,100,,,,,https://mobile.yangkeduo.com/goods.html?goods_id=482649641294,2026-04-09,2026-04-09 10:58:40
1400,577776948901,艾比克RO反渗透家用净水器厨下自来水过滤器净水机除垢直饮纯水机,314.0,,,100,,,,,https://mobile.yangkeduo.com/goods.html?goods_id=577776948901,2026-04-09,2026-04-09 10:58:40
1401,2633315096,家用净水器10寸160克针刺PP棉过滤芯纯净水机前置过滤器通用配件,10.8,,,,30,,,,https://mobile.yangkeduo.com/goods.html?goods_id=2633315096,2026-04-09,2026-04-09 10:58:40
1402,889157016639,热水器前置过滤器家用燃气电热水器进水自来水过滤阻垢净水,5.8,,,,,,,,https://mobile.yangkeduo.com/goods.html?goods_id=889157016639,2026-04-09,2026-04-09 10:58:40
1403,613380551821,安吉尔前置过滤器净水器家用反冲洗自来水全屋大流量中央过滤防爆,358.0,,533,,,,,,https://mobile.yangkeduo.com/goods.html?goods_id=613380551821,2026-04-09,2026-04-09 10:58:40
1404,660062932893,蜜雪.冰城、幸运.伽通用水吧冷饮店.奶茶店中央壁挂大流量净水器,900.0,,,,,,,,https://mobile.yangkeduo.com/goods.html?goods_id=660062932893,2026-04-09,2026-04-09 10:58:40
1405,798619001655,沁园TRULIVA可直饮净水器水龙头过滤器自来水家用厨房前置净化机,209.0,,,,50,,,,https://mobile.yangkeduo.com/goods.html?goods_id=798619001655,2026-04-09,2026-04-09 10:58:40
1406,825814342487,【官方正品】原装安利净水器滤芯 益之源紫外线滤芯匣带前置滤网,528.0,,,,,,,,https://mobile.yangkeduo.com/goods.html?goods_id=825814342487,2026-04-09,2026-04-09 10:58:40
1408,723219107362,适配奥克斯超滤净水机AU33/AU34通用滤芯家用净饮净水器整套滤芯,33.0,,,,,,,,https://mobile.yangkeduo.com/goods.html?goods_id=723219107362,2026-04-09,2026-04-09 10:58:40
1409,915797572693,VIOMI云米净水器小海豚600G+升级版厨下式 RO 反渗透直饮家用,599.0,,,,,,,,https://mobile.yangkeduo.com/goods.html?goods_id=915797572693,2026-04-09,2026-04-09 10:58:40
1412,799364629857,【银色龙头版】志高净水器0阻垢剂家用纯水机RO过滤厨房鲜活直饮,469.0,,213,,,,,,https://mobile.yangkeduo.com/goods.html?goods_id=799364629857,2026-04-09,2026-04-09 10:58:40
1413,202993631127,长虹净水器家用直饮厨房自来水龙头过滤器不锈钢净水机阻垢滤水器,337.0,587000,,,100,,,,https://mobile.yangkeduo.com/goods.html?goods_id=202993631127,2026-04-09,2026-04-09 10:58:46
1416,633229407539,长虹净水器家用直饮不锈钢净水机滤水器厨房自来水龙头过滤器正品,368.0,,,,30,,502000,,https://mobile.yangkeduo.com/goods.html?goods_id=633229407539,2026-04-09,2026-04-09 10:58:46
1418,593888071009,长虹净水器家用直饮自来水龙头五级厨下超滤除垢净化矿物质水,133.0,,,,30,,516000,,https://mobile.yangkeduo.com/goods.html?goods_id=593888071009,2026-04-09,2026-04-09 10:58:46
1419,826162847547,松下水龙头净水器过滤过滤器原装厨房家用自来水净化器净水过滤器,104.0,28000,,,30,,,,https://mobile.yangkeduo.com/goods.html?goods_id=826162847547,2026-04-09,2026-04-09 10:58:46
1420,921627872916,海尔管线机HGRZ2318厨房家用壁挂式即热直饮超薄四档控温全新正品,479.0,905,,,,,,5,https://mobile.yangkeduo.com/goods.html?goods_id=921627872916,2026-04-09,2026-04-09 10:58:46
1421,701564854246,海尔全屋前置过滤器家用自来水净水器全自动刮洗磁吸大通量净水机,339.0,22000,296,,,,,0,https://mobile.yangkeduo.com/goods.html?goods_id=701564854246,2026-04-09,2026-04-09 10:58:46
1422,736780887569,云米小海豚8T前置过滤器自动清洗家用全屋中央自来水40微米流量,143.9,20000,254,,,,,,https://mobile.yangkeduo.com/goods.html?goods_id=736780887569,2026-04-09,2026-04-09 10:58:46
1424,687209085557,长虹304不锈钢直饮净水器自来水龙头过滤器家用直饮净水机可拆洗,235.0,5428,,,,,,,https://mobile.yangkeduo.com/goods.html?goods_id=687209085557,2026-04-09,2026-04-09 10:58:46
1425,911579535573,AO史密斯佳尼特加热净水器净热一体反渗透RO膜蓝鲸冷热CDR1600S1,4079.0,,,,,,46,,https://mobile.yangkeduo.com/goods.html?goods_id=911579535573,2026-04-09,2026-04-09 10:58:46
1426,637064071655,长虹净水器家用直饮不锈钢净水机滤水器厨房自来水龙头过滤器,549.0,22000,,,,,,,https://mobile.yangkeduo.com/goods.html?goods_id=637064071655,2026-04-09,2026-04-09 10:58:46
1427,798615726697,长虹商用家用净水器直饮不锈钢大型大流量自来水超滤奶茶店过滤器,915.0,5105,,,,,,,https://mobile.yangkeduo.com/goods.html?goods_id=798615726697,2026-04-09,2026-04-09 10:58:46
1428,751215134193,长虹净水器家用直饮厨房自来水龙头阻垢过滤器不锈钢净水机,688.6,,,,,,77,,https://mobile.yangkeduo.com/goods.html?goods_id=751215134193,2026-04-09,2026-04-09 10:58:46
1429,229210610109,安吉尔净水器家用厨房直饮机RO反渗透自来水过滤流量哪吒PRO2900,1653.0,6394,,,,,,0,https://mobile.yangkeduo.com/goods.html?goods_id=229210610109,2026-04-09,2026-04-09 10:58:46
1430,324798937815,松下(PANASONIC)净水器前置过滤器 家用滤芯净水机软水机自动清洁,559.0,,,,,,136,,https://mobile.yangkeduo.com/goods.html?goods_id=324798937815,2026-04-09,2026-04-09 10:58:46
1431,205740887267,HAIER海尔净水器家用全屋自来水中央净化系统不锈钢净水机HWP25-G,1229.0,221,,,,,,,https://mobile.yangkeduo.com/goods.html?goods_id=205740887267,2026-04-09,2026-04-09 10:58:46
1432,925152160384,松下前置过滤器家用大流量不锈钢双层精滤360度高压反冲洗净水器,598.0,2,,,,,,,https://mobile.yangkeduo.com/goods.html?goods_id=925152160384,2026-04-09,2026-04-09 10:58:46
1433,606683594093,【孙颖莎推荐】德国BRITA碧然德滤芯3枚标准芯加1枚专家版滤芯,99.0,11000,,,40,,,,https://mobile.yangkeduo.com/goods.html?goods_id=606683594093,2026-04-09,2026-04-09 10:58:54
1434,719291867242,苏泊尔净水壶UF03过滤壶过滤器便携净水杯专用滤芯,21.28,113000,,100,,,,,https://mobile.yangkeduo.com/goods.html?goods_id=719291867242,2026-04-09,2026-04-09 10:58:54
1435,492494824697,已接入米家APP 净水器滤芯厨下式600G套PP活性炭RO反渗透400G通用,588.0,25000,228,,,,,,https://mobile.yangkeduo.com/goods.html?goods_id=492494824697,2026-04-09,2026-04-09 10:58:54
1436,920946167739,[两年常换]沁园滤芯官方5003/5005/5006/3913/3916/51098/51298,468.0,36,,,,,,,https://mobile.yangkeduo.com/goods.html?goods_id=920946167739,2026-04-09,2026-04-09 10:58:54
1437,456512093328,苏泊尔净水器A6原装滤芯家用水龙头过滤器替换芯自来水净化器芯,21.14,5832,,,,,,,https://mobile.yangkeduo.com/goods.html?goods_id=456512093328,2026-04-09,2026-04-09 10:58:54
1438,848980251162,美的净水机滤芯RO膜反渗透滤芯白泽星河澎湃1200G通用滤芯,402.0,,,,,,35,,https://mobile.yangkeduo.com/goods.html?goods_id=848980251162,2026-04-09,2026-04-09 10:58:54
1439,783621397638,云米1键即热净水器X1滤芯 1号PAC复合2号100G反渗透3号后置活性炭,46.9,,,,,,1227,,https://mobile.yangkeduo.com/goods.html?goods_id=783621397638,2026-04-09,2026-04-09 10:58:54
1440,545939007105,苏泊尔净水壶滤芯过滤壶过滤器便携净水杯滤芯适用J-UF01/UF02,82.0,,,,,,5103,,https://mobile.yangkeduo.com/goods.html?goods_id=545939007105,2026-04-09,2026-04-09 10:58:54
1441,931323121082,小米净水器反渗透滤芯(600G厨下式),512.0,,,,,,14,,https://mobile.yangkeduo.com/goods.html?goods_id=931323121082,2026-04-09,2026-04-09 10:58:54
1442,860410187970,安吉尔前置过滤器自动反冲洗家用40微米双网精滤10T流量3625,379.0,,,,,,20,,https://mobile.yangkeduo.com/goods.html?goods_id=860410187970,2026-04-09,2026-04-09 10:58:54
1443,886728068379,格力净水器原厂复合滤芯WTE-PT60-1X601A/WTE-PT60-1X601B正品,493.0,,,,,,35,,https://mobile.yangkeduo.com/goods.html?goods_id=886728068379,2026-04-09,2026-04-09 10:58:54
1444,413773348864,海尔净水器滤芯施特劳斯HSNF-300P2(QB/M8/H0300厨下式纳滤膜全套,252.0,,,,,,86,,https://mobile.yangkeduo.com/goods.html?goods_id=413773348864,2026-04-09,2026-04-09 10:58:54
1445,347525905519,海尔家用净水器5023-3/5027-3原装反渗透滤芯净水器RO膜滤芯,185.0,2058,,,,,,,https://mobile.yangkeduo.com/goods.html?goods_id=347525905519,2026-04-09,2026-04-09 10:58:54
1446,928831980868,美的小钢炮玲珑净水机RO600G滤芯 MRC2455-600G 战斗机反渗透滤芯,415.0,13,,,,,,,https://mobile.yangkeduo.com/goods.html?goods_id=928831980868,2026-04-09,2026-04-09 10:58:54
1447,925229081183,云米净水器滤芯昆仑3 SUPER2E滤芯PCB富锶双炭增强版RO反渗透滤芯,252.0,128,,,,,,,https://mobile.yangkeduo.com/goods.html?goods_id=925229081183,2026-04-09,2026-04-09 10:58:54
1449,353140007622,美的家用净水器 6年长效陶氏RO反渗透过滤膜1200GPRO厨下式净水器,1788.9,13000,,100,,,,0,https://mobile.yangkeduo.com/goods.html?goods_id=353140007622,2026-04-09,2026-04-09 10:59:00
1450,626312797718,美的北极星超滤净水器家用式厨下不插电无废水厨下过滤保留矿物质,535.0,129000,,,30,,,,https://mobile.yangkeduo.com/goods.html?goods_id=626312797718,2026-04-09,2026-04-09 10:59:00
1451,786620855421,美的净水器入户水管前置过滤器15T大通量自动清洗防冻防爆家庭用,316.0,,,,30,,14000,,https://mobile.yangkeduo.com/goods.html?goods_id=786620855421,2026-04-09,2026-04-09 10:59:00
1452,606802504189,美的出品超滤家用净水器厨下式净水机不插电无废水保留矿物质,380.0,,,,40,,506000,,https://mobile.yangkeduo.com/goods.html?goods_id=606802504189,2026-04-09,2026-04-09 10:59:00
1453,389772889864,美的15T大通量前置过滤器全屋保护反冲洗免换芯家用净水器伴侣,275.0,,,,30,,707,,https://mobile.yangkeduo.com/goods.html?goods_id=389772889864,2026-04-09,2026-04-09 10:59:00
1454,5085107966,美的家用净水器直饮机厨下RO反渗透纯水机零陈水净水机,928.0,187000,,100,,,,,https://mobile.yangkeduo.com/goods.html?goods_id=5085107966,2026-04-09,2026-04-09 10:59:00
1455,347579110147,美的星河净水器反渗透陶氏杜邦RO膜过滤制冷管线机套装四维杀菌,2688.0,802000,364,,,,,,https://mobile.yangkeduo.com/goods.html?goods_id=347579110147,2026-04-09,2026-04-09 10:59:00
1456,917687138596,美的净水器1000G大通量母婴低钠直饮家用厨下式5年帕斯卡RO反渗透,1049.0,165,,,,,,4,https://mobile.yangkeduo.com/goods.html?goods_id=917687138596,2026-04-09,2026-04-09 10:59:00
1457,758048911119,美的净水器家用接近1200G大流速RO反渗透0陈水纯矿双出水母婴直饮,839.0,4670,370,,,,,,https://mobile.yangkeduo.com/goods.html?goods_id=758048911119,2026-04-09,2026-04-09 10:59:00
1458,535803886887,美的家用净水器 厨下式1000GPRO净水器 母婴直饮0添加反渗透RO膜,1577.0,,348,,,,5039,,https://mobile.yangkeduo.com/goods.html?goods_id=535803886887,2026-04-09,2026-04-09 10:59:00
1459,381325784135,美的净水器家用陶氏5年RO1000GPRO直饮机母婴直饮0添加纯水机,1674.0,,217,,,,1699,,https://mobile.yangkeduo.com/goods.html?goods_id=381325784135,2026-04-09,2026-04-09 10:59:00
1460,920922189770,美的净水器家用白泽1200MAX直饮机反渗透MRC806C-3000厨房1200PRO,1498.0,,,,,,145,,https://mobile.yangkeduo.com/goods.html?goods_id=920922189770,2026-04-09,2026-04-09 10:59:00
1462,411572747691,美的家用净水器 6年长效陶氏RO膜 星河1200GPRO厨下净水机套装,3129.0,17000,,,,,,0,https://mobile.yangkeduo.com/goods.html?goods_id=411572747691,2026-04-09,2026-04-09 10:59:00
1463,423406945889,美的净水器家用厨房直饮净水机智能零陈水RO膜反渗透1000G净水器,1206.07,,,,,,585,,https://mobile.yangkeduo.com/goods.html?goods_id=423406945889,2026-04-09,2026-04-09 10:59:00
1464,186920233423,美的净水器家用前置过滤器大流量净水器反冲洗新款全屋中央净水器,520.0,,,,,,5921,,https://mobile.yangkeduo.com/goods.html?goods_id=186920233423,2026-04-09,2026-04-09 10:59:00
1465,428434536561,美的净水器家用直饮机RO反渗透母婴0陈水无罐小体积双出水净水机,894.0,10000,,,,,,0,https://mobile.yangkeduo.com/goods.html?goods_id=428434536561,2026-04-09,2026-04-09 10:59:00
1466,896550700189,美的净水器白月光1200GPRO速热制冷管线机家用套装四维杀菌2026款,3049.0,,,,,,83,,https://mobile.yangkeduo.com/goods.html?goods_id=896550700189,2026-04-09,2026-04-09 10:59:00
1467,640368739044,美的家用净水器WIFI智联厨下RO反渗透零陈水母婴直饮无罐双出水,895.0,,,,,,243,,https://mobile.yangkeduo.com/goods.html?goods_id=640368739044,2026-04-09,2026-04-09 10:59:00
1468,596404779174,美的净水器家用升级瞬时1200G大流速RO反渗透母婴直饮纯水机,879.0,,,,,,,,https://mobile.yangkeduo.com/goods.html?goods_id=596404779174,2026-04-09,2026-04-09 10:59:00
1469,882364625777,美的净水器同比1200G大流速母婴直饮双出水厨下反渗透净水器,874.0,,,,,,,,https://mobile.yangkeduo.com/goods.html?goods_id=882364625777,2026-04-09,2026-04-09 10:59:00
1470,265149114182,美的家用净水器1200G PRO 6年长效RO 直饮净水器厨下式鲜活零陈水,2659.0,,,,,,,,https://mobile.yangkeduo.com/goods.html?goods_id=265149114182,2026-04-09,2026-04-09 10:59:00
1471,209020621849,美的净水器反渗透全屋保护前置过滤器套装家用双出水厨下式2026年,809.0,,,,30,,,,https://mobile.yangkeduo.com/goods.html?goods_id=209020621849,2026-04-09,2026-04-09 10:59:00
1472,872010839953,美的前置过滤器家用超15T顶配高压自动清洗抑制水垢全屋净水星河,459.9,,202,,,,,,https://mobile.yangkeduo.com/goods.html?goods_id=872010839953,2026-04-09,2026-04-09 10:59:00
1473,856378249452,美的前置过滤器超15T通量自来水过滤水动力3倍强力自动刮洗免换芯,407.9,,,,,,,,https://mobile.yangkeduo.com/goods.html?goods_id=856378249452,2026-04-09,2026-04-09 10:59:00
1474,918975091470,美的双出水净水器小体积家用厨房橱下式直饮机0阻垢剂0陈水净水机,959.0,,,,,,,,https://mobile.yangkeduo.com/goods.html?goods_id=918975091470,2026-04-09,2026-04-09 10:59:00
1475,230515442021,美的净水器家用纯净双出水1100G大流速管线机直饮加热套装反渗透,1809.0,,,,,,,,https://mobile.yangkeduo.com/goods.html?goods_id=230515442021,2026-04-09,2026-04-09 10:59:00
1476,842679655438,美的管线机新品UV杀菌真沸腾系统壁挂式彩屏触控速热净水器伴侣,1359.0,,,,,,,,https://mobile.yangkeduo.com/goods.html?goods_id=842679655438,2026-04-09,2026-04-09 10:59:00
