商品,订单号,订单状态,商品数量(件),是否审核中,支付时间,承诺发货时间,承诺送达时间,发货时间,确认收货时间,商品id,商品规格,样式ID,商品一级类目,商品二级类目,商品三级类目,商品四级类目,商家编码-规格维度,商家编码-商品维度,商家备注,买家留言,售后状态,消费者资料,订单成交时间,消费者资料上传时间,赠品名称,赠品id,赠品规格,赠品数量,团ID,团身份,是否已开始配送,配送员是否已送达,配送状态,同城是否普通快递,集运类型,赠品订单号,商品总价(元),邮费(元),店铺优惠折扣(元),平台优惠折扣(元),多多支付立减金额(元),上门安装费(元),送货入户费(元),送货入户并安装费(元),用户实付金额(元),商家实收金额(元),快递单号,快递公司,省,市,区,街道/镇,配送员手机号,是否抽奖或0元试用,是否顺丰加价,用户购买手机号,旅行类信息,充值号码,是否门店自提,门店名称,门店自定义编码,关联货品编码,货品名称,货品类型,子货品,仓库名称,仓库所在地址,海淘清关订单号,支付ID,支付方式,保税仓,是否直播间成交,是否直播间引导成交,预约配送时间,是否节能补贴,是否分期,分期期数,手续费承担方,是否无痕发货,订单来源,是否社区团购,小区送达情况,分期方式,是否已上传证件照片
VIOMI云米净水器小海豚600G+升级版厨下式RO反渗透直饮家用,260408-529352650390948,已发货，待收货,1	,正常,2026-04-08 23:50:10,2026-04-09 23:50:10,	,2026-04-09 09:15:21,	,852161740747	,小海豚600G+升级版,1835709207960	,厨房电器,净水器/净水设备及配件耗材,净水器,	,6923185653684	,	,	,	,无售后或售后取消,,2026-04-08 23:50:10,	,,,,,,,否,否,	,否,	,,558.9	,0.0	,5.0	,30.0	,0.0	,0.0	,0.0	,0.0	,523.9	,553.9	,JDAP02900416748,京东配送,广东省,江门市,蓬江区,,,否,否,	,	,	,否,	,	,	,	,	,	,	,	,	,	,	,	,否,否,	,否,否,,	,否,	,否,,,否
Viomi云米小海豚3 厨下净水器5年长效 600G RO反渗透纯水机,260408-647128738092597,已发货，待收货,1	,正常,2026-04-08 23:44:45,2026-04-10 23:44:45,	,2026-04-09 09:12:30,	,868851073714	,【小海豚3】5年长效RO,1862048381595	,厨房电器,净水器/净水设备及配件耗材,净水器,	,6923185605867	,	,	,	,无售后或售后取消,,2026-04-08 23:44:45,	,,,,,,,否,否,	,否,	,,498.9	,0.0	,0.0	,30.0	,0.0	,0.0	,0.0	,0.0	,468.9	,498.9	,JDAP02900413886,京东配送,广东省,揭阳市,榕城区,,,否,否,	,	,	,否,	,	,	,	,	,	,	,	,	,	,	,	,否,否,	,否,否,,	,否,	,否,,,否
Viomi云米小海豚3 厨下净水器5年长效 600G RO反渗透纯水机,260408-520670472492597,已取消,1	,正常,	,	,,	,	,868851073714	,【小海豚3】5年长效RO,1862048381595	,厨房电器,净水器/净水设备及配件耗材,净水器,	,6923185605867	,	,	,	,无售后或售后取消,,	,	,,,,,,,否,否,	,否,	,,498.9	,0.0	,0.0	,30.0	,0.0	,0.0	,0.0	,0.0	,468.9	,498.9	,	,	,****,****,****,****,,否,否,	,	,	,否,	,	,	,	,	,	,	,	,	,	,	,	,否,否,	,否,	,,	,否,	,否,,,否
VIOMI云米 复合滤芯五合一,260408-590877826633134,已发货，待收货,1	,正常,2026-04-08 23:31:22,2026-04-10 23:31:23,,2026-04-09 09:13:32,	,872941778883	,小海豚600G+适用,1830543217502	,厨房电器,净水器/净水设备及配件耗材,净水器配件耗材,	,6923185627425	,	,	,	,无售后或售后取消,,2026-04-08 23:31:23,	,,,,,,,否,否,	,否,	,,288.0	,0.0	,199.0	,0.0	,0.09	,0.0	,0.0	,0.0	,89.0	,89.0	,JDAP02900114160,京东配送,山东省,临沂市,沂南县,,,否,否,	,	,	,否,	,	,	,	,	,	,	,	,	,	,	,	,否,否,	,否,否,,	,否,	,否,,,否
VIOMI云米净水器小海豚600G+升级版厨下式RO反渗透直饮家用,260408-572611632713134,已发货，待收货,1	,正常,2026-04-08 23:30:32,2026-04-09 23:30:32,,2026-04-09 08:23:47,	,852161740747	,小海豚600G+升级版,1835709207960	,厨房电器,净水器/净水设备及配件耗材,净水器,	,6923185653684	,	,	,	,无售后或售后取消,,2026-04-08 23:30:32,	,,,,,,,否,否,	,否,	,,558.9	,0.0	,0.0	,0.0	,0.0	,0.0	,0.0	,0.0	,558.9	,558.9	,JDAP02899367021,京东配送,山东省,临沂市,沂南县,,,否,否,	,	,	,否,	,	,	,	,	,	,	,	,	,	,	,	,否,否,	,否,是,3	,商家,否,	,否,,信用卡分期,否
VIOMI云米净水器小海豚600G+升级版厨下式RO反渗透直饮家用,260408-070364742070129,已取消,1	,正常,	,	,,	,	,852161740747	,小海豚600G+升级版,1835709207960	,厨房电器,净水器/净水设备及配件耗材,净水器,	,6923185653684	,	,	,	,无售后或售后取消,,	,	,,,,,,,否,否,	,否,	,,558.9	,0.0	,0.0	,3.0	,0.0	,0.0	,0.0	,0.0	,555.9	,558.9	,	,	,****,****,****,****,,否,否,	,	,	,否,	,	,	,	,	,	,	,	,	,	,	,	,否,否,	,否,	,,	,否,	,否,,,否
Viomi云米小海豚3 厨下净水器5年长效 600G RO反渗透纯水机,260408-655470128670198,已发货，待收货,1	,正常,2026-04-08 23:12:27,2026-04-10 23:12:27,,2026-04-09 09:12:22,	,868851073714	,【小海豚3】5年长效RO,1862048381595	,厨房电器,净水器/净水设备及配件耗材,净水器,	,6923185605867	,	,	,	,无售后或售后取消,,2026-04-08 23:12:27,	,,,,,,,否,否,	,否,	,,498.9	,0.0	,0.0	,30.0	,0.0	,0.0	,0.0	,0.0	,468.9	,498.9	,JDAP02900413806,京东配送,江苏省,苏州市,常熟市,,,否,否,	,	,	,否,	,	,	,	,	,	,	,	,	,	,	,	,否,否,	,否,否,,	,否,	,否,,,否
VIOMI云米 复合滤芯五合一,260408-125456893562496,已发货，待收货,1	,正常,2026-04-08 23:02:34,2026-04-10 23:02:34,,2026-04-09 09:13:34,	,872941778883	,小海豚600G+适用,1830543217502	,厨房电器,净水器/净水设备及配件耗材,净水器配件耗材,	,6923185627425	,	,	,	,无售后或售后取消,,2026-04-08 23:02:34,	,,,,,,,否,否,	,否,	,,288.0	,0.0	,0.0	,0.0	,0.0	,0.0	,0.0	,0.0	,288.0	,288.0	,JDAP02900114215,京东配送,河北省,唐山市,玉田县,,,否,否,	,	,	,否,	,	,	,	,	,	,	,	,	,	,	,	,否,否,	,否,否,,	,否,	,否,,,否
VIOMI云米净水器小海豚600G+升级版厨下式RO反渗透直饮家用,260408-216284536323499,已发货，待收货,1	,正常,2026-04-08 22:58:31,2026-04-09 22:58:32,,2026-04-09 08:25:49,	,852161740747	,小海豚600G+升级版,1835709207960	,厨房电器,净水器/净水设备及配件耗材,净水器,	,6923185653684	,	,	,	,无售后或售后取消,,2026-04-08 22:58:32,	,,,,,,,否,否,	,否,	,,558.9	,0.0	,0.0	,0.0	,0.0	,0.0	,0.0	,0.0	,558.9	,558.9	,JDAP02900413958,京东配送,河南省,漯河市,源汇区,,,否,否,	,	,	,否,	,	,	,	,	,	,	,	,	,	,	,	,否,否,	,否,否,,	,否,	,否,,,否
云米智能AI门锁3D指纹密码蓝牙可连大容量续航家用公寓自动安全,260408-610077263463067,未发货，退款成功,1	,正常,2026-04-08 22:56:10,2026-04-09 22:56:10,,	,	,743885774552	,"云米蓝调指纹密码锁LBT11C,黑色",1734954999916	,基础建材,智能门锁/电子锁,智能门锁/电子锁,	,6923185655381	,6923185655381	,聚水潭已取消发货 已退款4.9梓晖,	,退款成功,,2026-04-08 22:56:10,	,,,,,,,否,否,	,否,	,,556.75	,0.0	,0.0	,0.0	,0.0	,0.0	,0.0	,0.0	,556.75	,556.75	,	,	,****,****,****,****,,否,否,	,	,	,否,	,	,	,	,	,	,	,	,	,	,	,	,否,否,	,否,否,,	,否,	,否,,,否
云米净水器Super2Y1200G家用直饮厨下式RO反渗透鲜活泉无陈水,260408-214397161900903,已发货，待收货,1	,正常,2026-04-08 22:53:22,2026-04-09 22:53:22,,2026-04-09 09:15:24,	,849000374681	,Super2Y 1200G（包安装）,1809523164736	,厨房电器,净水器/净水设备及配件耗材,净水器,	,6923185653981	,6923185653981	,天猫下单399换购3根复合滤芯 单号： 没改地址 还没重新下 [viomi小茉莉 04/08 23:09],	,无售后或售后取消,,2026-04-08 22:53:22,	,,,,,,,否,否,	,否,	,,1067.1	,0.0	,0.0	,100.0	,0.0	,0.0	,0.0	,0.0	,967.1	,1067.1	,JDAP02900416693,京东配送,山东省,聊城市,阳谷县,,,否,否,	,	,	,否,	,	,	,	,	,	,	,	,	,	,	,	,否,否,	,否,否,,	,否,	,否,,,否
Viomi云米小海豚3 厨下净水器5年长效 600G RO反渗透纯水机,260408-042561728073134,已取消,1	,正常,	,	,,	,	,868851073714	,【小海豚3】5年长效RO,1862048381595	,厨房电器,净水器/净水设备及配件耗材,净水器,	,6923185605867	,	,	,	,无售后或售后取消,,	,	,,,,,,,否,否,	,否,	,,498.9	,0.0	,0.0	,0.0	,0.0	,0.0	,0.0	,0.0	,498.9	,498.9	,	,	,****,****,****,****,,否,否,	,	,	,否,	,	,	,	,	,	,	,	,	,	,	,	,否,否,	,否,	,,	,否,	,否,,,否
Viomi云米小海豚3 厨下净水器5年长效 600G RO反渗透纯水机,260408-551021463052542,已发货，待收货,1	,正常,2026-04-08 22:48:26,2026-04-10 22:48:26,,2026-04-09 09:12:22,	,868851073714	,【小海豚3】5年长效RO,1862048381595	,厨房电器,净水器/净水设备及配件耗材,净水器,	,6923185605867	,	,	,	,无售后或售后取消,,2026-04-08 22:48:26,	,,,,,,,否,否,	,否,	,,498.9	,0.0	,0.0	,60.0	,0.0	,0.0	,0.0	,0.0	,438.9	,498.9	,JDAP02900413796,京东配送,安徽省,亳州市,谯城区,,,否,否,	,	,	,否,	,	,	,	,	,	,	,	,	,	,	,	,否,否,	,否,否,,	,否,	,否,,,否
云米净水器600G小海豚升级版厨下式RO反渗透直饮家用,260408-686235390262954,已发货，待收货,1	,正常,2026-04-08 22:46:33,2026-04-09 22:46:33,,2026-04-09 09:13:33,	,852932116812	,小海豚600G+6年滤芯套装,1812983769340	,厨房电器,净水器/净水设备及配件耗材,净水器,	,S2508151538001,	,赠送tds检测笔  [viomi小茉莉 04/08 23:06],	,无售后或售后取消,,2026-04-08 22:46:33,	,,,,,,,否,否,	,否,	,,772.0	,0.0	,0.0	,200.0	,0.0	,0.0	,0.0	,0.0	,572.0	,772.0	,JDAP02900116519,京东配送,江苏省,淮安市,清江浦区,,,否,否,	,	,	,否,	,	,	,	,	,	,	,	,	,	,	,	,否,否,	,否,否,,	,否,	,否,,,否
VIOMI云米净水器小海豚600G+升级版厨下式RO反渗透直饮家用,260408-080934356553134,未发货，退款成功,1	,正常,2026-04-08 22:42:33,2026-04-09 22:42:33,,	,	,852161740747	,小海豚600G+升级版,1835709207960	,厨房电器,净水器/净水设备及配件耗材,净水器,	,6923185653684	,	,聚水潭已取消发货 已退款4.9梓晖,	,退款成功,,2026-04-08 22:42:33,	,,,,,,,否,否,	,否,	,,558.9	,0.0	,0.0	,0.0	,0.0	,0.0	,0.0	,0.0	,558.9	,558.9	,	,	,****,****,****,****,,否,否,	,	,	,否,	,	,	,	,	,	,	,	,	,	,	,	,否,否,	,否,是,3	,商家,否,	,否,,信用卡分期,否
云米净水器Super2Y1200G家用直饮厨下式RO反渗透鲜活泉无陈水,260408-134417017260903,未发货，退款成功,1	,正常,2026-04-08 22:43:48,2026-04-09 22:43:48,,	,	,849000374681	,Super2Y 1200G（包安装）,1809523164736	,厨房电器,净水器/净水设备及配件耗材,净水器,	,6923185653981	,6923185653981	,聚水潭已取消发货 已退款4.9梓晖,	,退款成功,,2026-04-08 22:43:48,	,,,,,,,否,否,	,否,	,,1067.1	,0.0	,0.0	,100.0	,0.0	,0.0	,0.0	,0.0	,967.1	,1067.1	,	,	,****,****,****,****,,否,否,	,	,	,否,	,	,	,	,	,	,	,	,	,	,	,	,否,否,	,否,否,,	,否,	,否,,,否
VIOMI云米 复合滤芯五合一,260408-421889318432698,已发货，待收货,1	,正常,2026-04-08 22:13:40,2026-04-10 22:13:41,,2026-04-09 09:13:34,	,872941778883	,小海豚600G（旧款）适用,1860420763957	,厨房电器,净水器/净水设备及配件耗材,净水器配件耗材,	,6923185627425	,	,99到手价 [viomi小茉莉 04/08 22:14],	,无售后或售后取消,,2026-04-08 22:13:41,	,,,,,,,否,否,	,否,	,,288.0	,0.0	,10.0	,0.0	,1.39	,0.0	,0.0	,0.0	,278.0	,278.0	,JDAP02900113926,京东配送,广东省,清远市,清城区,,,否,否,	,	,	,否,	,	,	,	,	,	,	,	,	,	,	,	,否,否,	,否,否,,	,否,	,否,,,否
VIOMI云米 滤芯 反渗透滤芯RO膜,260408-196969786912698,已发货，待收货,1	,正常,2026-04-08 22:08:24,2026-04-09 22:08:25,	,2026-04-09 09:12:22,	,873065157674	,小海豚600G（旧版）适用,1860419919471	,厨房电器,净水器/净水设备及配件耗材,净水器配件耗材,	,6923185618379	,	,299 [viomi小茉莉 04/08 22:10],	,无售后或售后取消,,2026-04-08 22:08:25,	,,,,,,,否,否,	,否,	,,598.0	,0.0	,0.0	,0.0	,0.0	,0.0	,0.0	,0.0	,598.0	,598.0	,JDAP02900416667,京东配送,广东省,清远市,清城区,,,否,否,	,	,	,否,	,	,	,	,	,	,	,	,	,	,	,	,否,否,	,否,否,,	,否,	,否,,,否
云米净水器600G小海豚升级版厨下式RO反渗透直饮家用,260408-023981003123585,未发货，退款成功,1	,正常,2026-04-08 22:06:59,2026-04-09 22:06:59,	,	,	,852932116812	,小海豚600G+6年滤芯套装,1812983769340	,厨房电器,净水器/净水设备及配件耗材,净水器,	,S2508151538001,	,ZX2604090068042拦截 4.9梓晖,	,退款成功,,2026-04-08 22:06:59,	,,,,,,,否,否,	,否,	,,772.0	,0.0	,0.0	,23.0	,0.0	,0.0	,0.0	,0.0	,749.0	,772.0	,	,	,****,****,****,****,,否,否,	,	,	,否,	,	,	,	,	,	,	,	,	,	,	,	,否,否,	,否,否,,	,否,	,否,,,否
VIOMI云米 复合滤芯五合一,260408-567337295432378,已发货，待收货,1	,正常,2026-04-08 21:56:34,2026-04-10 21:56:35,,2026-04-09 09:15:21,	,872941778883	,小海豚3(600G)适用,1860252114502	,厨房电器,净水器/净水设备及配件耗材,净水器配件耗材,	,6923185657347	,	,	,	,无售后或售后取消,,2026-04-08 21:56:35,	,,,,,,,否,否,	,否,	,,288.0	,0.0	,189.0	,0.0	,0.0	,0.0	,0.0	,0.0	,99.0	,99.0	,JDAP02900416946,京东配送,北京市,北京市,海淀区,,,否,否,	,	,	,否,	,	,	,	,	,	,	,	,	,	,	,	,否,否,	,否,否,,	,否,	,否,,,否
VIOMI云米 复合滤芯五合一,260408-331507320392378,已发货，待收货,1	,正常,2026-04-08 21:56:09,2026-04-10 21:56:09,,2026-04-09 09:15:21,	,872941778883	,小海豚3(600G)适用,1860252114502	,厨房电器,净水器/净水设备及配件耗材,净水器配件耗材,	,6923185657347	,	,	,	,无售后或售后取消,,2026-04-08 21:56:09,	,,,,,,,否,否,	,否,	,,288.0	,0.0	,199.0	,0.0	,0.0	,0.0	,0.0	,0.0	,89.0	,89.0	,JDAP02900413760,京东配送,北京市,北京市,海淀区,,,否,否,	,	,	,否,	,	,	,	,	,	,	,	,	,	,	,	,否,否,	,否,否,,	,否,	,否,,,否
VIOMI云米 复合滤芯五合一,260408-421291650632378,已取消,2	,正常,	,	,,	,	,872941778883	,小海豚3(600G)适用,1860252114502	,厨房电器,净水器/净水设备及配件耗材,净水器配件耗材,	,6923185657347	,	,	,	,无售后或售后取消,,	,	,,,,,,,否,否,	,否,	,,576.0	,0.0	,298.0	,0.0	,0.0	,0.0	,0.0	,0.0	,278.0	,278.0	,	,	,****,****,****,****,,否,否,	,	,	,否,	,	,	,	,	,	,	,	,	,	,	,	,否,否,	,否,	,,	,否,	,否,,,否
Viomi云米小海豚3 厨下净水器5年长效 600G RO反渗透纯水机,260408-432857454152378,已发货，待收货,1	,正常,2026-04-08 21:51:20,2026-04-10 21:51:20,,2026-04-09 09:12:14,	,868851073714	,【小海豚3】5年长效RO,1862048381595	,厨房电器,净水器/净水设备及配件耗材,净水器,	,6923185605867	,	,	,	,无售后或售后取消,,2026-04-08 21:51:20,	,,,,,,,否,否,	,否,	,,498.9	,0.0	,0.0	,0.0	,0.0	,0.0	,0.0	,0.0	,498.9	,498.9	,JDAP02900416658,京东配送,北京市,北京市,海淀区,,,否,否,	,	,	,否,	,	,	,	,	,	,	,	,	,	,	,	,否,否,	,否,否,,	,否,	,否,,,否
VIOMI 云米净水器小海豚3 厨下式RO反渗透直饮家用 无罐一体式,260408-205987592523780,已发货，退款成功,1	,正常,2026-04-08 21:46:51,2026-04-09 21:46:51,,2026-04-09 09:12:22,	,225501370546	,科技普惠升级-2年质保,1875956295611	,厨房电器,净水器/净水设备及配件耗材,净水器,	,6923185605867	,6923185616399	,ZX2604090068049拦截==TH2C617776648已审核 待拦截退回 4.9梓晖==库内拦截成功，物流单号已取消，可退4.9丹丹,	,退款成功,,2026-04-08 21:46:51,	,,,,,,,否,否,	,否,	,,559.0	,0.0	,20.0	,0.0	,0.0	,0.0	,0.0	,0.0	,539.0	,539.0	,JDAP02900414067,京东配送,****,****,****,****,,否,否,	,	,	,否,	,	,	,	,	,	,	,	,	,	,	,	,否,否,	,否,否,,	,否,	,否,,,否
Viomi云米小海豚3 厨下净水器5年长效 600G RO反渗透纯水机,260408-403497367900376,待发货,1	,正常,2026-04-08 21:29:42,2026-06-09 21:29:42,,	,	,868851073714	,【小海豚3】5年长效RO,1862048381595	,厨房电器,净水器/净水设备及配件耗材,净水器,	,6923185605867	,	,	,	,无售后或售后取消,,2026-04-08 21:29:42,	,,,,,,,否,否,	,否,	,,498.9	,0.0	,0.0	,60.0	,0.0	,0.0	,0.0	,0.0	,438.9	,498.9	,	,	,江苏省,南京市,溧水区,,,否,否,	,	,	,否,	,	,	,	,	,	,	,	,	,	,	,	,否,否,	,否,否,,	,否,	,否,,,否
VIOMI云米 滤芯 反渗透滤芯RO膜,260408-260492552613064,已发货，待收货,1	,正常,2026-04-08 21:13:47,2026-04-09 21:13:48,,2026-04-09 08:25:49,	,873065157674	,小蓝调600G+适用,1831082596458	,厨房电器,净水器/净水设备及配件耗材,净水器配件耗材,	,6923185618379	,	,478的到手价格 [viomi小茉莉 04/08 21:14],	,无售后或售后取消,,2026-04-08 21:13:48,	,,,,,,,否,否,	,否,	,,598.0	,0.0	,0.0	,0.0	,0.0	,0.0	,0.0	,0.0	,598.0	,598.0	,JDAP02900413976,京东配送,湖北省,武汉市,江岸区,,,否,否,	,	,	,否,	,	,	,	,	,	,	,	,	,	,	,	,否,否,	,否,否,,	,否,	,否,,,否
Viomi云米小海豚3 厨下净水器5年长效 600G RO反渗透纯水机,260408-402301949523206,已发货，待收货,1	,正常,2026-04-08 21:05:34,2026-04-10 21:05:34,,2026-04-09 09:12:14,	,868851073714	,【小海豚3】5年长效RO,1862048381595	,厨房电器,净水器/净水设备及配件耗材,净水器,	,6923185605867	,	,	,	,无售后或售后取消,,2026-04-08 21:05:34,	,,,,,,,否,否,	,否,	,,498.9	,0.0	,0.0	,60.0	,0.0	,0.0	,0.0	,0.0	,438.9	,498.9	,JDAP02900419331,京东配送,上海市,上海市,嘉定区,,,否,否,	,	,	,否,	,	,	,	,	,	,	,	,	,	,	,	,否,否,	,否,否,,	,否,	,否,,,否
Viomi云米小海豚3 厨下净水器5年长效 600G RO反渗透纯水机,260408-290523789683585,未发货，退款成功,1	,正常,2026-04-08 21:03:38,2026-04-10 21:03:38,	,	,	,868851073714	,【小海豚3】5年长效RO,1862048381595	,厨房电器,净水器/净水设备及配件耗材,净水器,	,6923185605867	,	,ZX2604090068042拦截 TH2C929218549已审核 待拦截退回 4.9梓晖,	,退款成功,,2026-04-08 21:03:38,	,,,,,,,否,否,	,否,	,,498.9	,0.0	,0.0	,0.0	,0.0	,0.0	,0.0	,0.0	,498.9	,498.9	,	,	,****,****,****,****,,否,否,	,	,	,否,	,	,	,	,	,	,	,	,	,	,	,	,否,否,	,否,否,,	,否,	,否,,,否
Viomi云米小海豚3 厨下净水器5年长效 600G RO反渗透纯水机,260408-013531922751701,已发货，待收货,1	,正常,2026-04-08 20:49:23,2026-04-10 20:49:23,,2026-04-08 21:24:36,	,868851073714	,【小海豚3】5年长效RO,1862048381595	,厨房电器,净水器/净水设备及配件耗材,净水器,	,6923185605867	,	,	,	,无售后或售后取消,,2026-04-08 20:49:23,	,,,,,,,否,否,	,否,	,,498.9	,0.0	,0.0	,0.0	,0.0	,0.0	,0.0	,0.0	,498.9	,498.9	,JDAP02899798803,京东配送,四川省,绵阳市,涪城区,,,否,否,	,	,	,否,	,	,	,	,	,	,	,	,	,	,	,	,否,否,	,否,否,,	,否,	,否,,,否
Viomi云米小海豚3 厨下净水器5年长效 600G RO反渗透纯水机,260408-574729828671701,已取消,1	,正常,	,	,,	,	,868851073714	,【小海豚3】5年长效RO,1862048381595	,厨房电器,净水器/净水设备及配件耗材,净水器,	,6923185605867	,	,	,	,无售后或售后取消,,	,	,,,,,,,否,否,	,否,	,,498.9	,0.0	,0.0	,0.0	,0.0	,0.0	,0.0	,0.0	,498.9	,498.9	,	,	,****,****,****,****,,否,否,	,	,	,否,	,	,	,	,	,	,	,	,	,	,	,	,否,否,	,否,	,,	,否,	,否,,,否
云米净水器600G小海豚升级版厨下式RO反渗透直饮家用,260408-580580820570068,已发货，待收货,1	,正常,2026-04-08 20:44:30,2026-04-09 20:44:30,	,2026-04-09 09:10:58,	,852932116812	,小海豚600G+6年滤芯套装,1812983769340	,厨房电器,净水器/净水设备及配件耗材,净水器,	,S2508151538001,	,	,	,无售后或售后取消,,2026-04-08 20:44:30,	,,,,,,,否,否,	,否,	,,772.0	,0.0	,0.0	,64.0	,0.0	,0.0	,0.0	,0.0	,708.0	,772.0	,JDAP02901372000,京东配送,广东省,佛山市,顺德区,,,否,否,	,	,	,否,	,	,	,	,	,	,	,	,	,	,	,	,否,否,	,否,否,,	,否,	,否,,,否
Viomi云米小海豚3 厨下净水器5年长效 600G RO反渗透纯水机,260408-266857367171555,已发货，待收货,1	,正常,2026-04-08 20:27:32,2026-04-10 20:27:32,,2026-04-08 22:14:36,	,868851073714	,【小海豚3】5年长效RO,1862048381595	,厨房电器,净水器/净水设备及配件耗材,净水器,	,6923185605867	,	,	,	,无售后或售后取消,,2026-04-08 20:27:32,	,,,,,,,否,否,	,否,	,,498.9	,0.0	,0.0	,0.0	,0.0	,0.0	,0.0	,0.0	,498.9	,498.9	,JDAP02899850465,京东配送,四川省,成都市,温江区,,,否,否,	,	,	,否,	,	,	,	,	,	,	,	,	,	,	,	,否,否,	,否,否,,	,否,	,否,,,否
Viomi云米小海豚3 厨下净水器5年长效 600G RO反渗透纯水机,260408-486062169731555,已取消,1	,正常,	,	,,	,	,868851073714	,【小海豚3】5年长效RO,1862048381595	,厨房电器,净水器/净水设备及配件耗材,净水器,	,6923185605867	,	,	,	,无售后或售后取消,,	,	,,,,,,,否,否,	,否,	,,498.9	,0.0	,0.0	,0.0	,0.0	,0.0	,0.0	,0.0	,498.9	,498.9	,	,	,****,****,****,****,,否,否,	,	,	,否,	,	,	,	,	,	,	,	,	,	,	,	,否,否,	,否,	,,	,否,	,否,,,否
Viomi云米小海豚3 厨下净水器5年长效 600G RO反渗透纯水机,260408-168595372341755,已发货，待收货,1	,正常,2026-04-08 20:12:08,2026-04-10 20:12:08,,2026-04-09 09:12:23,	,868851073714	,【小海豚3】5年长效RO,1862048381595	,厨房电器,净水器/净水设备及配件耗材,净水器,	,6923185605867	,	,	,	,无售后或售后取消,,2026-04-08 20:12:08,	,,,,,,,否,否,	,否,	,,498.9	,0.0	,0.0	,3.0	,0.0	,0.0	,0.0	,0.0	,495.9	,498.9	,JDAP02900416890,京东配送,内蒙古自治区,呼和浩特市,赛罕区,,,否,否,	,	,	,否,	,	,	,	,	,	,	,	,	,	,	,	,否,否,	,否,否,,	,否,	,否,,,否
VIOMI云米净水器小海豚600G+升级版厨下式RO反渗透直饮家用,260408-297989640543652,已发货，待收货,1	,正常,2026-04-08 20:13:31,2026-04-09 20:13:31,,2026-04-09 08:25:49,	,852161740747	,小海豚600G+升级版,1835709207960	,厨房电器,净水器/净水设备及配件耗材,净水器,	,6923185653684	,	,	,	,无售后或售后取消,,2026-04-08 20:13:31,	,,,,,,,否,否,	,否,	,,558.9	,0.0	,0.0	,0.0	,0.0	,0.0	,0.0	,0.0	,558.9	,558.9	,JDAP02900419215,京东配送,湖北省,襄阳市,樊城区,,,否,否,	,	,	,否,	,	,	,	,	,	,	,	,	,	,	,	,否,否,	,否,否,,	,否,	,否,,,否
Viomi云米小海豚3 厨下净水器5年长效 600G RO反渗透纯水机,260408-576176863672803,已发货，待收货,1	,正常,2026-04-08 20:09:15,2026-04-10 20:09:15,,2026-04-09 09:12:22,	,868851073714	,【小海豚3】5年长效RO,1862048381595	,厨房电器,净水器/净水设备及配件耗材,净水器,	,6923185605867	,	,晒单送延保1年+换购复合滤芯99元/根限购3根+评价返20 [viomi小珍珠 04/08 20:09],	,无售后或售后取消,,2026-04-08 20:09:15,	,,,,,,,否,否,	,否,	,,498.9	,0.0	,0.0	,0.0	,0.2	,0.0	,0.0	,0.0	,498.9	,498.9	,JDAP02900416873,京东配送,湖北省,武汉市,江岸区,,,否,否,	,	,	,否,	,	,	,	,	,	,	,	,	,	,	,	,否,否,	,否,否,,	,否,	,否,,,否
VIOMI云米净水器小海豚600G+升级版厨下式RO反渗透直饮家用,260408-064157140531807,未发货，退款成功,1	,正常,2026-04-08 20:01:36,2026-04-09 20:01:36,,	,	,852161740747	,小海豚600G+升级版,1835709207960	,厨房电器,净水器/净水设备及配件耗材,净水器,	,6923185653684	,	,聚水潭已取消发货 已退款4.9梓晖,	,退款成功,,2026-04-08 20:01:36,	,,,,,,,否,否,	,否,	,,558.9	,0.0	,0.0	,0.0	,0.0	,0.0	,0.0	,0.0	,558.9	,558.9	,	,	,****,****,****,****,,否,否,	,	,	,否,	,	,	,	,	,	,	,	,	,	,	,	,否,否,	,否,否,,	,否,	,否,,,否
VIOMI云米 复合滤芯五合一,260408-299043449253252,已发货，待收货,2	,正常,2026-04-08 19:59:09,2026-04-10 19:59:09,,2026-04-09 09:13:33,	,872941778883	,小海豚600G+适用,1830543217502	,厨房电器,净水器/净水设备及配件耗材,净水器配件耗材,	,6923185627425	,	,	,	,无售后或售后取消,,2026-04-08 19:59:09,	,,,,,,,否,否,	,否,	,,576.0	,0.0	,288.0	,0.0	,0.0	,0.0	,0.0	,0.0	,288.0	,288.0	,JDAP02900116580,京东配送,广东省,揭阳市,普宁市,,,否,否,	,	,	,否,	,	,	,	,	,	,	,	,	,	,	,	,否,否,	,否,否,,	,否,	,否,,,否
VIOMI云米 复合滤芯五合一,260408-342428301610074,已发货，待收货,1	,正常,2026-04-08 19:52:43,2026-04-10 19:52:43,	,2026-04-09 09:15:23,	,872941778883	,小海豚3(600G)适用,1860252114502	,厨房电器,净水器/净水设备及配件耗材,净水器配件耗材,	,6923185657347	,	,	,	,无售后或售后取消,,2026-04-08 19:52:43,	,,,,,,,否,否,	,否,	,,288.0	,0.0	,199.0	,0.0	,0.09	,0.0	,0.0	,0.0	,89.0	,89.0	,JDAP02900416856,京东配送,广东省,深圳市,宝安区,,,否,否,	,	,	,否,	,	,	,	,	,	,	,	,	,	,	,	,否,是,	,否,否,,	,否,	,否,,,否
Viomi云米小海豚3 厨下净水器5年长效 600G RO反渗透纯水机,260408-335156427050074,已发货，待收货,1	,正常,2026-04-08 19:49:22,2026-04-10 19:49:22,	,2026-04-09 09:12:15,	,868851073714	,【小海豚3】5年长效RO,1862048381595	,厨房电器,净水器/净水设备及配件耗材,净水器,	,6923185605867	,	,	,	,无售后或售后取消,,2026-04-08 19:49:22,	,,,,,,,否,否,	,否,	,,498.9	,0.0	,0.0	,0.0	,0.2	,0.0	,0.0	,0.0	,498.9	,498.9	,JDAP02900416847,京东配送,广东省,深圳市,宝安区,,,否,否,	,	,	,否,	,	,	,	,	,	,	,	,	,	,	,	,否,是,	,否,否,,	,否,	,否,,,否
VIOMI云米 复合滤芯五合一,260408-270522171793905,已发货，待收货,2	,正常,2026-04-08 19:48:16,2026-04-10 19:48:16,	,2026-04-09 09:13:33,	,872941778883	,小海豚600G+适用,1830543217502	,厨房电器,净水器/净水设备及配件耗材,净水器配件耗材,	,6923185627425	,	,	,	,无售后或售后取消,,2026-04-08 19:48:16,	,,,,,,,否,否,	,否,	,,576.0	,0.0	,288.0	,0.0	,0.0	,0.0	,0.0	,0.0	,288.0	,288.0	,JDAP02900116500,京东配送,广东省,揭阳市,普宁市,,,否,否,	,	,	,否,	,	,	,	,	,	,	,	,	,	,	,	,否,否,	,否,否,,	,否,	,否,,,否
云米净饮机X2系列滤芯X2mini mango复合滤芯5in1/6in1 RO反渗透,260408-609374717492934,未发货，退款成功,1	,正常,2026-04-08 19:42:39,2026-04-10 19:42:39,,	,	,243153009643	,X2/X2 Pro  5合1滤芯,1360931817930	,厨房电器,净水器/净水设备及配件耗材,净水器配件耗材,	,6923185614258	,6923185614258	,聚水潭已取消发货 已退款4.9梓晖,	,退款成功,,2026-04-08 19:42:39,	,,,,,,,否,否,	,否,	,,199.0	,0.0	,0.0	,0.0	,0.0	,0.0	,0.0	,0.0	,199.0	,199.0	,	,	,****,****,****,****,,否,否,	,	,	,否,	,	,	,	,	,	,	,	,	,	,	,	,否,否,	,否,否,,	,否,	,否,,,否
VIOMI云米净水器小海豚600G+升级版厨下式RO反渗透直饮家用,260408-567033280800198,已发货，待收货,1	,正常,2026-04-08 19:31:02,2026-04-09 19:31:02,,2026-04-09 08:25:49,	,852161740747	,小海豚600G+升级版,1835709207960	,厨房电器,净水器/净水设备及配件耗材,净水器,	,6923185653684	,	,	,	,无售后或售后取消,,2026-04-08 19:31:02,	,,,,,,,否,否,	,否,	,,558.9	,0.0	,0.0	,0.0	,0.0	,0.0	,0.0	,0.0	,558.9	,558.9	,JDAP02900419232,京东配送,安徽省,滁州市,南谯区,,,否,否,	,	,	,否,	,	,	,	,	,	,	,	,	,	,	,	,否,否,	,否,否,,	,否,	,否,,,否
云米净水器600G小海豚升级版厨下式RO反渗透直饮家用,260408-511416789280198,未发货，退款成功,1	,正常,2026-04-08 19:30:10,2026-04-09 19:30:10,,	,	,852932116812	,小海豚600G+6年滤芯套装,1812983769340	,厨房电器,净水器/净水设备及配件耗材,净水器,	,S2508151538001,	,聚水潭已取消发货 已退款4.9梓晖,	,退款成功,,2026-04-08 19:30:10,	,,,,,,,否,否,	,否,	,,772.0	,0.0	,0.0	,0.0	,0.0	,0.0	,0.0	,0.0	,772.0	,772.0	,	,	,****,****,****,****,,否,否,	,	,	,否,	,	,	,	,	,	,	,	,	,	,	,	,否,否,	,否,否,,	,否,	,否,,,否
VIOMI云米 复合滤芯五合一,260408-238252224012715,已发货，待收货,1	,正常,2026-04-08 19:28:55,2026-04-10 19:28:55,,2026-04-09 09:15:21,	,872941778883	,小海豚3(600G)适用,1860252114502	,厨房电器,净水器/净水设备及配件耗材,净水器配件耗材,	,6923185657347	,	,	,	,无售后或售后取消,,2026-04-08 19:28:55,	,,,,,,,否,否,	,否,	,,288.0	,0.0	,189.0	,25.44	,0.07	,0.0	,0.0	,0.0	,73.56	,99.0	,JDAP02900419305,京东配送,广东省,江门市,新会区,,,否,否,	,	,	,否,	,	,	,	,	,	,	,	,	,	,	,	,否,否,	,否,否,,	,否,	,否,,,否
VIOMI云米 复合滤芯五合一,260408-527407531532715,已发货，待收货,1	,正常,2026-04-08 19:25:02,2026-04-10 19:25:02,,2026-04-09 09:15:21,	,872941778883	,小海豚3(600G)适用,1860252114502	,厨房电器,净水器/净水设备及配件耗材,净水器配件耗材,	,6923185657347	,	,	,	,无售后或售后取消,,2026-04-08 19:25:02,	,,,,,,,否,否,	,否,	,,288.0	,0.0	,189.0	,7.0	,0.09	,0.0	,0.0	,0.0	,92.0	,99.0	,JDAP02900416460,京东配送,广东省,江门市,新会区,,,否,否,	,	,	,否,	,	,	,	,	,	,	,	,	,	,	,	,否,否,	,否,否,,	,否,	,否,,,否
Viomi云米小海豚3 厨下净水器5年长效 600G RO反渗透纯水机,260408-645089236581685,已发货，待收货,1	,正常,2026-04-08 19:20:52,2026-04-10 19:20:52,	,2026-04-09 09:15:21,	,868851073714	,【小海豚3】5年长效RO,1862048381595	,厨房电器,净水器/净水设备及配件耗材,净水器,	,6923185605867	,	,	,	,无售后或售后取消,,2026-04-08 19:20:52,	,,,,,,,否,否,	,否,	,,498.9	,0.0	,0.0	,0.0	,0.0	,0.0	,0.0	,0.0	,498.9	,498.9	,JDAP02900414059,京东配送,广东省,佛山市,南海区,,,否,否,	,	,	,否,	,	,	,	,	,	,	,	,	,	,	,	,否,否,	,否,否,,	,否,	,否,,,否
Viomi云米小海豚3 厨下净水器5年长效 600G RO反渗透纯水机,260408-458468892193428,已发货，待收货,1	,正常,2026-04-08 19:14:32,2026-04-10 19:14:32,,2026-04-09 09:12:22,	,868851073714	,【小海豚3】5年长效RO,1862048381595	,厨房电器,净水器/净水设备及配件耗材,净水器,	,6923185605867	,	,	,	,无售后或售后取消,,2026-04-08 19:14:32,	,,,,,,,否,否,	,否,	,,498.9	,0.0	,0.0	,60.0	,3.0	,0.0	,0.0	,0.0	,438.9	,498.9	,JDAP02900419313,京东配送,浙江省,台州市,椒江区,,,否,否,	,	,	,否,	,	,	,	,	,	,	,	,	,	,	,	,否,否,	,否,否,,	,否,	,否,,,否
Viomi云米小海豚3 厨下净水器5年长效 600G RO反渗透纯水机,260408-165512538422954,未发货，退款成功,1	,正常,2026-04-08 19:11:15,2026-04-10 19:11:15,,	,	,868851073714	,【小海豚3】5年长效RO,1862048381595	,厨房电器,净水器/净水设备及配件耗材,净水器,	,6923185605867	,	,晒单送延保1年+换购复合滤芯99元/根限购两根＋评价返10元 [viomi小珍珠 04/08 19:24] ZX2604090068042拦截 TH2C519311835已审核 待拦截退回 4.9梓晖,	,退款成功,,2026-04-08 19:11:15,	,,,,,,,否,否,	,否,	,,498.9	,0.0	,0.0	,200.0	,0.0	,0.0	,0.0	,0.0	,298.9	,498.9	,	,	,****,****,****,****,,否,否,	,	,	,否,	,	,	,	,	,	,	,	,	,	,	,	,否,是,	,否,否,,	,否,	,否,,,否
VIOMI云米净水器小海豚600G+升级版厨下式RO反渗透直饮家用,260408-685197268582264,已发货，待收货,1	,正常,2026-04-08 18:48:23,2026-04-09 18:48:23,	,2026-04-09 09:15:21,	,852161740747	,小海豚600G+升级版,1835709207960	,厨房电器,净水器/净水设备及配件耗材,净水器,	,6923185653684	,	,	,	,无售后或售后取消,,2026-04-08 18:48:23,	,,,,,,,否,否,	,否,	,,558.9	,0.0	,0.0	,0.0	,0.0	,0.0	,0.0	,0.0	,558.9	,558.9	,JDAP02900416864,京东配送,广东省,佛山市,顺德区,,,否,否,	,	,	,否,	,	,	,	,	,	,	,	,	,	,	,	,否,否,	,否,是,3	,消费者,否,	,否,,花呗分期,否
VIOMI云米净水器小海豚600G+升级版厨下式RO反渗透直饮家用,260408-486502571622264,已取消,1	,正常,	,	,,	,	,852161740747	,小海豚600G+升级版,1835709207960	,厨房电器,净水器/净水设备及配件耗材,净水器,	,6923185653684	,	,	,	,无售后或售后取消,,	,	,,,,,,,否,否,	,否,	,,558.9	,0.0	,0.0	,0.0	,0.0	,0.0	,0.0	,0.0	,558.9	,558.9	,	,	,****,****,****,****,,否,否,	,	,	,否,	,	,	,	,	,	,	,	,	,	,	,	,否,否,	,否,	,,	,否,	,否,,,否
Viomi云米小海豚3 厨下净水器5年长效 600G RO反渗透纯水机,260408-420484236870180,已发货，待收货,1	,正常,2026-04-08 18:37:00,2026-04-10 18:37:00,,2026-04-09 09:15:21,	,868851073714	,【小海豚3】5年长效RO,1862048381595	,厨房电器,净水器/净水设备及配件耗材,净水器,	,6923185605867	,	,	,	,无售后或售后取消,,2026-04-08 18:37:00,	,,,,,,,否,否,	,否,	,,498.9	,0.0	,0.0	,0.0	,0.0	,0.0	,0.0	,0.0	,498.9	,498.9	,JDAP02900416811,京东配送,江苏省,徐州市,铜山区,,,否,否,	,	,	,否,	,	,	,	,	,	,	,	,	,	,	,	,是,是,	,否,否,,	,否,	,否,,,否
云米智能AI门锁3D指纹密码蓝牙可连大容量续航家用公寓自动安全,260408-442362827191739,已发货，待收货,1	,正常,2026-04-08 18:02:03,2026-04-09 18:02:03,,2026-04-09 09:15:21,	,743885774552	,"云米蓝调指纹密码锁LBT11C,黑色",1734954999916	,基础建材,智能门锁/电子锁,智能门锁/电子锁,	,6923185655381	,6923185655381	,	,	,无售后或售后取消,,2026-04-08 18:02:03,	,,,,,,,否,否,	,否,	,,556.75	,0.0	,0.0	,3.0	,0.0	,0.0	,0.0	,0.0	,553.75	,556.75	,JDAP02900414031,京东配送,黑龙江省,齐齐哈尔市,铁锋区,,,否,否,	,	,	,否,	,	,	,	,	,	,	,	,	,	,	,	,否,否,	,否,否,,	,否,	,否,,,否
VIOMI云米净水器小海豚600G+升级版厨下式RO反渗透直饮家用,260408-551037212203967,已发货，待收货,1	,正常,2026-04-08 17:59:25,2026-06-08 17:59:25,,2026-04-08 19:05:55,	,852161740747	,小海豚600G+升级版,1835709207960	,厨房电器,净水器/净水设备及配件耗材,净水器,	,6923185653684	,	,回购滤芯7折 ，延迟6.8号发货 [viomi小珍珠 04/08 18:01],	,无售后或售后取消,,2026-04-08 17:59:25,	,,,,,,,否,否,	,否,	,,558.9	,0.0	,0.0	,0.0	,0.0	,0.0	,0.0	,0.0	,558.9	,558.9	,JDAP02904169144,京东配送,辽宁省,沈阳市,铁西区,,,否,否,	,	,	,否,	,	,	,	,	,	,	,	,	,	,	,	,否,否,	,否,否,,	,否,	,否,,,否
VIOMI云米 复合滤芯五合一,260408-664383066471479,已发货，待收货,1	,正常,2026-04-08 17:58:19,2026-04-10 17:58:19,,2026-04-09 09:13:37,	,872941778883	,小海豚600G+适用,1830543217502	,厨房电器,净水器/净水设备及配件耗材,净水器配件耗材,	,6923185627425	,	,	,	,无售后或售后取消,,2026-04-08 17:58:19,	,,,,,,,否,否,	,否,	,,288.0	,0.0	,199.0	,0.0	,0.07	,0.0	,0.0	,0.0	,89.0	,89.0	,JDAP02900116976,京东配送,河南省,郑州市,巩义市,,,否,否,	,	,	,否,	,	,	,	,	,	,	,	,	,	,	,	,否,否,	,否,否,,	,否,	,否,,,否
Viomi云米小海豚3 厨下净水器5年长效 600G RO反渗透纯水机,260408-556652378471479,已发货，待收货,1	,正常,2026-04-08 17:41:24,2026-04-10 17:41:24,,2026-04-09 09:12:22,	,868851073714	,【小海豚3】5年长效RO,1862048381595	,厨房电器,净水器/净水设备及配件耗材,净水器,	,6923185605867	,	,	,	,无售后或售后取消,,2026-04-08 17:41:24,	,,,,,,,否,否,	,否,	,,498.9	,0.0	,0.0	,0.0	,2.49	,0.0	,0.0	,0.0	,498.9	,498.9	,JDAP02900413984,京东配送,河南省,郑州市,巩义市,,,否,否,	,	,	,否,	,	,	,	,	,	,	,	,	,	,	,	,否,否,	,否,否,,	,否,	,否,,,否
Viomi云米小海豚3 厨下净水器5年长效 600G RO反渗透纯水机,260408-543068014102768,已发货，待收货,1	,正常,2026-04-08 17:40:29,2026-04-10 17:40:30,,2026-04-09 09:12:14,	,868851073714	,【小海豚3】5年长效RO,1862048381595	,厨房电器,净水器/净水设备及配件耗材,净水器,	,6923185605867	,	,	,	,无售后或售后取消,,2026-04-08 17:40:30,	,,,,,,,否,否,	,否,	,,498.9	,0.0	,5.0	,60.0	,0.0	,0.0	,0.0	,0.0	,433.9	,493.9	,JDAP02900414005,京东配送,四川省,遂宁市,射洪市,,,否,否,	,	,	,否,	,	,	,	,	,	,	,	,	,	,	,	,否,否,	,否,否,,	,否,	,否,,,否
VIOMI云米净水器小海豚600G+升级版厨下式RO反渗透直饮家用,260408-310383788340432,已发货，待收货,1	,正常,2026-04-08 17:37:38,2026-04-09 17:37:38,	,2026-04-09 08:25:49,	,852161740747	,小海豚600G+升级版,1835709207960	,厨房电器,净水器/净水设备及配件耗材,净水器,	,6923185653684	,	,	,	,无售后或售后取消,,2026-04-08 17:37:38,	,,,,,,,否,否,	,否,	,,558.9	,0.0	,0.0	,0.0	,0.0	,0.0	,0.0	,0.0	,558.9	,558.9	,JDAP02900419511,京东配送,安徽省,合肥市,瑶海区,,,否,否,	,	,	,否,	,	,	,	,	,	,	,	,	,	,	,	,否,否,	,否,否,,	,否,	,否,,,否
VIOMI云米净水器小海豚600G+升级版厨下式RO反渗透直饮家用,260408-323511980400467,已发货，待收货,1	,正常,2026-04-08 17:35:49,2026-04-09 17:35:49,,2026-04-09 08:25:48,	,852161740747	,小海豚600G+升级版,1835709207960	,厨房电器,净水器/净水设备及配件耗材,净水器,	,6923185653684	,	,	,	,无售后或售后取消,,2026-04-08 17:35:49,	,,,,,,,否,否,	,否,	,,558.9	,0.0	,0.0	,0.0	,1.11	,0.0	,0.0	,0.0	,558.9	,558.9	,JDAP02900419492,京东配送,江苏省,南通市,崇川区,,,否,否,	,	,	,否,	,	,	,	,	,	,	,	,	,	,	,	,否,是,	,否,否,,	,否,	,否,,,否
VIOMI云米净水器小海豚600G+升级版厨下式RO反渗透直饮家用,260408-385467061850899,已取消,1	,正常,	,	,,	,	,852161740747	,小海豚600G+升级版,1835709207960	,厨房电器,净水器/净水设备及配件耗材,净水器,	,6923185653684	,	,	,	,无售后或售后取消,,	,	,,,,,,,否,否,	,否,	,,558.9	,0.0	,0.0	,0.0	,0.0	,0.0	,0.0	,0.0	,558.9	,558.9	,	,	,****,****,****,****,,否,否,	,	,	,否,	,	,	,	,	,	,	,	,	,	,	,	,否,否,	,否,	,,	,否,	,否,,,否
VIOMI云米净水器小海豚600G+升级版厨下式RO反渗透直饮家用,260408-302367403610899,已发货，待收货,1	,正常,2026-04-08 17:14:50,2026-04-09 17:14:50,,2026-04-09 08:25:49,	,852161740747	,小海豚600G+升级版,1835709207960	,厨房电器,净水器/净水设备及配件耗材,净水器,	,6923185653684	,	,	,	,无售后或售后取消,,2026-04-08 17:14:50,	,,,,,,,否,否,	,否,	,,558.9	,0.0	,0.0	,0.0	,1.11	,0.0	,0.0	,0.0	,558.9	,558.9	,JDAP02900419502,京东配送,江苏省,扬州市,高邮市,,,否,否,	,	,	,否,	,	,	,	,	,	,	,	,	,	,	,	,否,否,	,否,否,,	,否,	,否,,,否
VIOMI云米净水器小海豚600G+升级版厨下式RO反渗透直饮家用,260408-393163578931408,已发货，待收货,1	,正常,2026-04-08 17:04:38,2026-04-09 17:04:39,,2026-04-09 09:15:21,	,852161740747	,小海豚600G+升级版,1835709207960	,厨房电器,净水器/净水设备及配件耗材,净水器,	,6923185653684	,	,	,	,无售后或售后取消,,2026-04-08 17:04:39,	,,,,,,,否,否,	,否,	,,558.9	,0.0	,0.0	,30.0	,0.2	,0.0	,0.0	,0.0	,528.9	,558.9	,JDAP02900413993,京东配送,福建省,莆田市,秀屿区,,,否,否,	,	,	,否,	,	,	,	,	,	,	,	,	,	,	,	,否,否,	,否,否,,	,否,	,否,,,否
VIOMI云米净水器小海豚600G+升级版厨下式RO反渗透直饮家用,260408-196083719821257,已发货，待收货,1	,正常,2026-04-08 16:31:05,2026-04-09 16:31:05,,2026-04-09 08:25:49,	,852161740747	,小海豚600G+升级版,1835709207960	,厨房电器,净水器/净水设备及配件耗材,净水器,	,6923185653684	,	,	,	,无售后或售后取消,,2026-04-08 16:31:05,	,,,,,,,否,否,	,否,	,,558.9	,0.0	,0.0	,0.0	,1.11	,0.0	,0.0	,0.0	,558.9	,558.9	,JDAP02900419206,京东配送,江西省,景德镇市,昌江区,,,否,否,	,	,	,否,	,	,	,	,	,	,	,	,	,	,	,	,否,否,	,否,否,,	,否,	,否,,,否
Viomi云米小海豚3 厨下净水器5年长效 600G RO反渗透纯水机,260408-543424530010183,已发货，待收货,1	,正常,2026-04-08 16:29:57,2026-04-10 16:29:57,,2026-04-09 09:15:21,	,868851073714	,【小海豚3】5年长效RO,1862048381595	,厨房电器,净水器/净水设备及配件耗材,净水器,	,6923185605867	,	,	,	,无售后或售后取消,,2026-04-08 16:29:57,	,,,,,,,否,否,	,否,中国新疆中转,,498.9	,0.0	,0.0	,0.0	,0.0	,0.0	,0.0	,0.0	,498.9	,498.9	,JDAP02900414022,京东配送,陕西省,咸阳市,渭城区,,,否,否,	,	,	,否,	,	,	,	,	,	,	,	,	,	,	,	,否,否,	,否,否,,	,否,	,否,,,否
VIOMI云米净水器小海豚600G+升级版厨下式RO反渗透直饮家用,260408-480059082262987,已发货，待收货,1	,正常,2026-04-08 16:18:08,2026-04-09 16:18:08,,2026-04-08 20:15:54,	,852161740747	,小海豚600G+升级版,1835709207960	,厨房电器,净水器/净水设备及配件耗材,净水器,	,6923185653684	,	,	,	,无售后或售后取消,,2026-04-08 16:18:08,	,,,,,,,否,否,	,否,	,,558.9	,0.0	,0.0	,0.0	,1.11	,0.0	,0.0	,0.0	,558.9	,558.9	,JDAP02904154268,京东配送,山东省,淄博市,张店区,,,否,否,	,	,	,否,	,	,	,	,	,	,	,	,	,	,	,	,否,是,	,否,否,,	,否,	,否,,,否
云米鲲鹏抽油烟机家用顶侧双吸26大吸力变频一级能效smart2 pro,260408-646489085582930,待发货,1	,正常,2026-04-08 16:17:00,2026-05-09 16:17:00,,	,	,739863611562	,鲲鹏AI智控烟机,1728642200071	,大家电,厨房大电,油烟机,	,6923185653516	,6923185653516	,评价返30 延迟到5.9号发货 [viomi小珍珠 04/08 16:27],	,无售后或售后取消,,2026-04-08 16:17:00,	,,,,,,,否,否,	,否,	,,1359.15	,0.0	,0.0	,0.0	,2.71	,0.0	,0.0	,0.0	,1359.15	,1359.15	,	,	,四川省,成都市,锦江区,,,否,否,	,	,	,否,	,	,	,	,	,	,	,	,	,	,	,	,否,否,	,否,否,,	,否,	,否,,,否
云米净饮机X2系列滤芯X2mini mango复合滤芯5in1/6in1 RO反渗透,260408-514106407213057,已发货，待收货,1	,正常,2026-04-08 16:15:55,2026-04-10 16:15:56,,2026-04-09 08:25:49,	,243153009643	,X2/X2 Pro  5合1滤芯,1360931817930	,厨房电器,净水器/净水设备及配件耗材,净水器配件耗材,	,6923185614258	,6923185614258	,八折159元换购 后返差价 [viomi小云朵 04/08 16:17],	,无售后或售后取消,,2026-04-08 16:15:56,	,,,,,,,否,否,	,否,	,,199.0	,0.0	,0.0	,0.0	,0.0	,0.0	,0.0	,0.0	,199.0	,199.0	,JDAP02900419483,京东配送,安徽省,蚌埠市,淮上区,,,否,否,	,	,	,否,	,	,	,	,	,	,	,	,	,	,	,	,否,否,	,否,否,,	,否,	,否,,,否
VIOMI云米净水器小海豚600G+升级版厨下式RO反渗透直饮家用,260408-442645952873802,已取消,1	,正常,	,	,,	,	,852161740747	,小海豚600G+升级版,1835709207960	,厨房电器,净水器/净水设备及配件耗材,净水器,	,6923185653684	,	,	,	,无售后或售后取消,,	,	,,,,,,,否,否,	,否,	,,558.9	,0.0	,0.0	,0.0	,0.0	,0.0	,0.0	,0.0	,558.9	,558.9	,	,	,****,****,****,****,,否,否,	,	,	,否,	,	,	,	,	,	,	,	,	,	,	,	,否,否,	,否,	,,	,否,	,否,,,否
VIOMI云米净水器小海豚600G+升级版厨下式RO反渗透直饮家用,260408-556028433973736,已发货，待收货,1	,正常,2026-04-08 16:03:01,2026-04-09 16:03:01,,2026-04-08 18:26:21,	,852161740747	,小海豚600G+升级版,1835709207960	,厨房电器,净水器/净水设备及配件耗材,净水器,	,6923185653684	,	,	,	,无售后或售后取消,,2026-04-08 16:03:01,	,,,,,,,否,否,	,否,	,,558.9	,0.0	,0.0	,0.0	,1.11	,0.0	,0.0	,0.0	,558.9	,558.9	,JDAP02904045278,京东配送,山东省,济南市,莱芜区,,,否,否,	,	,	,否,	,	,	,	,	,	,	,	,	,	,	,	,否,否,	,否,否,,	,否,	,否,,,否
VIOMI云米净水器小海豚600G+升级版厨下式RO反渗透直饮家用,260408-393729882400778,已取消,1	,正常,	,	,,	,	,852161740747	,小海豚600G+升级版,1835709207960	,厨房电器,净水器/净水设备及配件耗材,净水器,	,6923185653684	,	, .,	,无售后或售后取消,,	,	,,,,,,,否,否,	,否,	,,558.9	,0.0	,0.0	,60.0	,0.0	,0.0	,0.0	,0.0	,498.9	,558.9	,	,	,****,****,****,****,,否,否,	,	,	,否,	,	,	,	,	,	,	,	,	,	,	,	,否,否,	,否,	,,	,否,	,否,,,否
X2 X2-Face X2-Pro  云米净水器滤芯家用通用适用系列,260408-525053468310482,待付款,1	,正常,	,	,,	,	,290543633215	,RO-100银色,970656404670	,厨房电器,厨房家电配件,净水饮水机配件耗材,	,6923185616177	,	,	,	,无售后或售后取消,,	,	,,,,,,,否,否,	,否,	,,199.0	,0.0	,0.0	,0.0	,0.0	,0.0	,0.0	,0.0	,199.0	,199.0	,	,	,****,****,****,****,,否,否,	,	,	,否,	,	,	,	,	,	,	,	,	,	,	,	,是,否,	,否,	,,	,否,	,否,,,否
VIOMI云米净水器小海豚600G+升级版厨下式RO反渗透直饮家用,260408-031090358710937,已发货，待收货,1	,正常,2026-04-08 15:25:52,2026-04-09 15:25:52,	,2026-04-09 08:25:49,	,852161740747	,小海豚600G+升级版,1835709207960	,厨房电器,净水器/净水设备及配件耗材,净水器,	,6923185653684	,	,	,	,无售后或售后取消,,2026-04-08 15:25:52,	,,,,,,,否,否,	,否,	,,558.9	,0.0	,0.0	,0.0	,0.0	,0.0	,0.0	,0.0	,558.9	,558.9	,JDAP02900416451,京东配送,浙江省,杭州市,西湖区,,,否,否,	,	,	,否,	,	,	,	,	,	,	,	,	,	,	,	,否,否,	,否,否,,	,否,	,否,,,否
VIOMI云米净水器小海豚600G+升级版厨下式RO反渗透直饮家用,260408-396246434081578,已取消,1	,正常,	,	,,	,	,852161740747	,小海豚600G+升级版,1835709207960	,厨房电器,净水器/净水设备及配件耗材,净水器,	,6923185653684	,	,	,	,无售后或售后取消,,	,	,,,,,,,否,否,	,否,	,,558.9	,0.0	,0.0	,0.0	,0.0	,0.0	,0.0	,0.0	,558.9	,558.9	,	,	,****,****,****,****,,否,否,	,	,	,否,	,	,	,	,	,	,	,	,	,	,	,	,是,否,	,否,	,,	,否,	,否,,,否
VIOMI云米 复合滤芯五合一,260408-406239331863557,已发货，待收货,2	,正常,2026-04-08 15:02:28,2026-04-10 15:02:28,,2026-04-08 20:40:10,	,872941778883	,Cross 3-900G适用,1860252114505	,厨房电器,净水器/净水设备及配件耗材,净水器配件耗材,	,6923185627425	,	,	,	,无售后或售后取消,,2026-04-08 15:02:28,	,,,,,,,否,否,	,否,	,,578.0	,0.0	,289.0	,0.0	,0.0	,0.0	,0.0	,0.0	,289.0	,289.0	,JDAP02904165364,京东配送,内蒙古自治区,赤峰市,红山区,,,否,否,	,	,	,否,	,	,	,	,	,	,	,	,	,	,	,	,否,否,	,否,否,,	,否,	,否,,,否
VIOMI云米净水器小海豚600G+升级版厨下式RO反渗透直饮家用,260408-563840294434034,已发货，待收货,1	,正常,2026-04-08 14:44:07,2026-04-09 14:44:07,,2026-04-09 08:25:49,	,852161740747	,小海豚600G+升级版,1835709207960	,厨房电器,净水器/净水设备及配件耗材,净水器,	,6923185653684	,	,	,	,无售后或售后取消,,2026-04-08 14:44:07,	,,,,,,,否,否,	,否,	,,558.9	,0.0	,0.0	,0.0	,0.0	,0.0	,0.0	,0.0	,558.9	,558.9	,JDAP02900413580,京东配送,河南省,焦作市,孟州市,,,否,否,	,	,	,否,	,	,	,	,	,	,	,	,	,	,	,	,否,否,	,否,否,,	,否,	,否,,,否
VIOMI云米净水器小海豚600G+升级版厨下式RO反渗透直饮家用,260408-047678810422681,已发货，待收货,1	,正常,2026-04-08 14:29:58,2026-04-09 14:29:58,,2026-04-08 15:33:01,	,852161740747	,小海豚600G+升级版,1835709207960	,厨房电器,净水器/净水设备及配件耗材,净水器,	,6923185653684	,	,	,	,无售后或售后取消,,2026-04-08 14:29:58,	,,,,,,,否,否,	,否,	,,558.9	,0.0	,0.0	,0.0	,0.0	,0.0	,0.0	,0.0	,558.9	,558.9	,JDAP02904362869,京东配送,河南省,郑州市,金水区,,,否,否,	,	,	,否,	,	,	,	,	,	,	,	,	,	,	,	,否,否,	,否,否,,	,否,	,否,,,否
云米净水器600G小海豚升级版厨下式RO反渗透直饮家用,260408-012813606450657,已发货，待收货,1	,正常,2026-04-08 13:53:43,2026-04-09 13:53:43,,2026-04-08 18:24:41,	,852932116812	,小海豚600G+6年滤芯套装,1812983769340	,厨房电器,净水器/净水设备及配件耗材,净水器,	,S2508151538001,	,	,	,无售后或售后取消,,2026-04-08 13:53:43,	,,,,,,,否,否,	,否,	,,772.0	,0.0	,0.0	,0.0	,0.0	,0.0	,0.0	,0.0	,772.0	,772.0	,JDAP02904141542,京东配送,广东省,汕尾市,城区,,,否,否,	,	,	,否,	,	,	,	,	,	,	,	,	,	,	,	,否,否,	,否,否,,	,否,	,否,,,否
VIOMI 云米净水器小海豚3 厨下式RO反渗透直饮家用 无罐一体式,260408-304726689313037,已取消,1	,正常,	,	,,	,	,225501370546	,科技普惠升级-2年质保,1875956295611	,厨房电器,净水器/净水设备及配件耗材,净水器,	,6923185605867	,6923185616399	,	,	,无售后或售后取消,,	,	,,,,,,,否,否,	,否,	,,559.0	,0.0	,20.0	,64.68	,0.0	,0.0	,0.0	,0.0	,474.32	,539.0	,	,	,****,****,****,****,,否,否,	,	,	,否,	,	,	,	,	,	,	,	,	,	,	,	,否,否,	,否,	,,	,否,	,否,,,否
VIOMI云米净水器小海豚600G+升级版厨下式RO反渗透直饮家用,260408-377707599390484,未发货，退款成功,1	,审核中，请勿发货,2026-04-08 13:26:59,2026-04-09 13:26:59,	,	,	,852161740747	,小海豚600G+升级版,1835709207960	,厨房电器,净水器/净水设备及配件耗材,净水器,	,6923185653684	,	,聚水潭已取消发货，已退款4.8丹丹,	,退款成功,,2026-04-08 13:26:59,	,,,,,,,否,否,	,否,	,,558.9	,0.0	,0.0	,50.0	,0.0	,0.0	,0.0	,0.0	,508.9	,558.9	,	,	,****,****,****,****,,否,否,	,	,	,否,	,	,	,	,	,	,	,	,	,	,	,	,否,否,	,否,	,,	,否,	,否,,,否
云米顶侧大吸力蓝调油烟机家用厨房节能自清洁一级能效可挥手智控,260408-122232542743268,已发货，待收货,1	,正常,2026-04-08 13:26:02,2026-04-09 13:26:03,,2026-04-08 14:04:39,	,657344402006	,顶侧双吸智清洁挥手智控单烟机,1832827639759	,大家电,厨房大电,油烟机,	,6923185650973	,6923185650973	,	,	,无售后或售后取消,,2026-04-08 13:26:03,	,,,,,,,否,否,	,否,	,,849.0	,0.0	,0.0	,0.0	,0.0	,0.0	,0.0	,0.0	,849.0	,849.0	,JDAP02903298169,京东配送,四川省,德阳市,旌阳区,,,否,否,	,	,	,否,	,	,	,	,	,	,	,	,	,	,	,	,否,否,	,否,否,,	,否,	,否,,,否
Viomi云米小海豚3 厨下净水器5年长效 600G RO反渗透纯水机,260408-075843561831733,已发货，待收货,1	,正常,2026-04-08 13:24:33,2026-04-10 13:24:33,,2026-04-08 18:24:34,	,868851073714	,【小海豚3】5年长效RO,1862048381595	,厨房电器,净水器/净水设备及配件耗材,净水器,	,6923185605867	,	,	,	,无售后或售后取消,,2026-04-08 13:24:33,	,,,,,,,否,否,	,否,	,,498.9	,0.0	,0.0	,0.0	,0.0	,0.0	,0.0	,0.0	,498.9	,498.9	,JDAP02904141560,京东配送,河南省,郑州市,中原区,,,否,否,	,	,	,否,	,	,	,	,	,	,	,	,	,	,	,	,否,否,	,否,否,,	,否,	,否,,,否
云米净水器600G小海豚升级版厨下式RO反渗透直饮家用,260408-478968625591983,未发货，退款成功,1	,正常,2026-04-08 13:01:36,2026-04-09 13:01:37,,	,	,852932116812	,小海豚600G+6年滤芯套装,1812983769340	,厨房电器,净水器/净水设备及配件耗材,净水器,	,S2508151538001,	,已退款 聚水潭已取消发货=4.8廖子键,	,退款成功,,2026-04-08 13:01:37,	,,,,,,,否,否,	,否,	,,772.0	,0.0	,0.0	,0.0	,0.2	,0.0	,0.0	,0.0	,772.0	,772.0	,	,	,****,****,****,****,,否,否,	,	,	,否,	,	,	,	,	,	,	,	,	,	,	,	,否,是,	,否,否,,	,否,	,否,,,否
Viomi云米小海豚3 厨下净水器5年长效 600G RO反渗透纯水机,260408-608604014230711,未发货，退款成功,1	,正常,2026-04-08 12:50:08,2026-04-10 12:50:08,	,	,	,868851073714	,【小海豚3】5年长效RO,1862048381595	,厨房电器,净水器/净水设备及配件耗材,净水器,	,6923185605867	,	,已退款 聚水潭已取消发货=4.8廖子键,	,退款成功,,2026-04-08 12:50:08,	,,,,,,,否,否,	,否,	,,498.9	,0.0	,0.0	,0.0	,0.0	,0.0	,0.0	,0.0	,498.9	,498.9	,	,	,****,****,****,****,,否,否,	,	,	,否,	,	,	,	,	,	,	,	,	,	,	,	,否,是,	,否,否,,	,否,	,否,,,否
VIOMI云米净水器小海豚600G+升级版厨下式RO反渗透直饮家用,260408-469898391182873,已发货，待收货,1	,正常,2026-04-08 12:49:22,2026-04-09 12:49:23,,2026-04-08 14:42:21,	,852161740747	,小海豚600G+升级版,1835709207960	,厨房电器,净水器/净水设备及配件耗材,净水器,	,6923185653684	,	,	,	,无售后或售后取消,,2026-04-08 12:49:23,	,,,,,,,否,否,	,否,	,,558.9	,0.0	,0.0	,0.0	,0.0	,0.0	,0.0	,0.0	,558.9	,558.9	,JDAP02903318366,京东配送,贵州省,贵阳市,花溪区,,,否,否,	,	,	,否,	,	,	,	,	,	,	,	,	,	,	,	,否,否,	,否,否,,	,否,	,否,,,否
VIOMI 云米净水器小海豚3 厨下式RO反渗透直饮家用 无罐一体式,260408-018958272103441,已发货，待收货,1	,正常,2026-04-08 12:46:45,2026-04-09 12:46:46,	,2026-04-08 14:39:29,	,225501370546	,科技普惠升级-2年质保,1875956295611	,厨房电器,净水器/净水设备及配件耗材,净水器,	,6923185605867	,6923185616399	,	,	,无售后或售后取消,,2026-04-08 12:46:46,	,,,,,,,否,否,	,否,	,,559.0	,0.0	,20.0	,22.0	,0.0	,0.0	,0.0	,0.0	,517.0	,539.0	,JDAP02903321256,京东配送,广东省,佛山市,顺德区,,,否,否,	,	,	,否,	,	,	,	,	,	,	,	,	,	,	,	,否,否,	,否,否,,	,否,	,否,,,否
VIOMI云米 复合滤芯五合一,260408-177985328790711,未发货，退款成功,31	,正常,2026-04-08 12:39:41,2026-04-10 12:39:41,,	,	,872941778883	,小海豚600G+适用,1830543217502	,厨房电器,净水器/净水设备及配件耗材,净水器配件耗材,	,6923185627425	,	,已退款 聚水潭已取消发货=4.8廖子键,	,退款成功,,2026-04-08 12:39:41,	,,,,,,,否,否,	,否,	,,8928.0	,0.0	,4464.0	,10.0	,0.0	,0.0	,0.0	,0.0	,4454.0	,4464.0	,	,	,****,****,****,****,,否,否,	,	,	,否,	,	,	,	,	,	,	,	,	,	,	,	,否,否,	,否,否,,	,否,	,否,,,否
Viomi云米小海豚3 厨下净水器5年长效 600G RO反渗透纯水机,260408-109492375911415,已发货，待收货,1	,正常,2026-04-08 12:27:34,2026-04-10 12:27:34,,2026-04-08 14:42:29,	,868851073714	,【小海豚3】5年长效RO,1862048381595	,厨房电器,净水器/净水设备及配件耗材,净水器,	,6923185605867	,	,	,	,无售后或售后取消,,2026-04-08 12:27:34,	,,,,,,,否,否,	,否,	,,498.9	,0.0	,0.0	,60.0	,0.0	,0.0	,0.0	,0.0	,438.9	,498.9	,JDAP02903318357,京东配送,北京市,北京市,房山区,,,否,否,	,	,	,否,	,	,	,	,	,	,	,	,	,	,	,	,否,否,	,否,否,,	,否,	,否,,,否
Viomi云米小海豚3 厨下净水器5年长效 600G RO反渗透纯水机,260408-080782375352068,已发货，待收货,1	,正常,2026-04-08 12:25:45,2026-04-10 12:25:45,	,2026-04-08 14:39:37,	,868851073714	,【小海豚3】5年长效RO,1862048381595	,厨房电器,净水器/净水设备及配件耗材,净水器,	,6923185605867	,	,晒图评价赠送1年延保 [viomi小云朵 04/08 12:26],	,无售后或售后取消,,2026-04-08 12:25:45,	,,,,,,,否,否,	,否,	,,498.9	,0.0	,5.0	,0.0	,0.0	,0.0	,0.0	,0.0	,493.9	,493.9	,JDAP02903321239,京东配送,安徽省,合肥市,庐阳区,,,否,否,	,	,	,否,	,	,	,	,	,	,	,	,	,	,	,	,否,否,	,否,否,,	,否,	,否,,,否
云米电热水器50/60升洗澡家用浴室速热大容量省电防漏电警示安全,260408-611204534623534,已取消,1	,正常,	,	,,	,	,691819698413	,50L速热加长防电墙5倍增容,1683563098525	,大家电,热水器,电热水器,	,6923185614920	,	,	,	,无售后或售后取消,,	,	,,,,,,,否,否,	,否,	,,488.99	,0.0	,0.0	,0.0	,0.0	,0.0	,0.0	,0.0	,488.99	,488.99	,	,	,****,****,****,****,,否,否,	,	,	,否,	,	,	,	,	,	,	,	,	,	,	,	,否,否,	,否,	,,	,否,	,否,,,否
VIOMI云米净水器小海豚600G+升级版厨下式RO反渗透直饮家用,260408-261619771821583,已发货，待收货,1	,正常,2026-04-08 11:55:39,2026-04-09 11:55:39,,2026-04-08 18:26:15,	,852161740747	,小海豚600G+升级版,1835709207960	,厨房电器,净水器/净水设备及配件耗材,净水器,	,6923185653684	,	,	,	,无售后或售后取消,,2026-04-08 11:55:39,	,,,,,,,否,否,	,否,	,,558.9	,0.0	,0.0	,0.0	,0.0	,0.0	,0.0	,0.0	,558.9	,558.9	,JDAP02903759688,京东配送,山东省,济南市,济阳区,,,否,否,	,	,	,否,	,	,	,	,	,	,	,	,	,	,	,	,否,否,	,否,是,3	,商家,否,	,否,,信用卡分期,否
Viomi云米小海豚3 厨下净水器5年长效 600G RO反渗透纯水机,260408-187936284253628,未发货，退款成功,1	,正常,2026-04-08 11:45:15,2026-04-10 11:45:15,,	,	,868851073714	,【小海豚3】5年长效RO,1862048381595	,厨房电器,净水器/净水设备及配件耗材,净水器,	,6923185605867	,	,已退款 聚水潭已取消发货=4.8廖子键,	,退款成功,,2026-04-08 11:45:15,	,,,,,,,否,否,	,否,	,,498.9	,0.0	,0.0	,60.0	,0.0	,0.0	,0.0	,0.0	,438.9	,498.9	,	,	,****,****,****,****,,否,否,	,	,	,否,	,	,	,	,	,	,	,	,	,	,	,	,否,否,	,否,否,,	,否,	,否,,,否
VIOMI云米 复合滤芯五合一,260408-273594530142593,已发货，待收货,1	,正常,2026-04-08 11:41:01,2026-04-10 11:41:01,	,2026-04-08 21:28:55,	,872941778883	,小海豚600G+适用,1830543217502	,厨房电器,净水器/净水设备及配件耗材,净水器配件耗材,	,6923185627425	,	,	,	,无售后或售后取消,,2026-04-08 11:41:01,	,,,,,,,否,否,	,否,	,,288.0	,0.0	,0.0	,0.0	,0.0	,0.0	,0.0	,0.0	,288.0	,288.0	,JDAP02904162728,京东配送,福建省,厦门市,同安区,,,否,否,	,	,	,否,	,	,	,	,	,	,	,	,	,	,	,	,否,否,	,否,否,,	,否,	,否,,,否
VIOMI云米 复合滤芯五合一,260408-263884664441933,已发货，待收货,1	,正常,2026-04-08 11:25:52,2026-04-10 11:25:52,	,2026-04-08 21:29:08,	,872941778883	,小海豚600G+适用,1830543217502	,厨房电器,净水器/净水设备及配件耗材,净水器配件耗材,	,6923185627425	,	,	,	,无售后或售后取消,,2026-04-08 11:25:52,	,,,,,,,否,否,	,否,	,,288.0	,0.0	,199.0	,3.0	,0.0	,0.0	,0.0	,0.0	,86.0	,89.0	,JDAP02904162754,京东配送,河北省,石家庄市,新华区,,,否,否,	,	,	,否,	,	,	,	,	,	,	,	,	,	,	,	,否,否,	,否,否,,	,否,	,否,,,否
VIOMI云米净水器小海豚600G+升级版厨下式RO反渗透直饮家用,260408-566535155321933,已发货，待收货,1	,正常,2026-04-08 11:23:59,2026-04-09 11:23:59,	,2026-04-08 18:26:04,	,852161740747	,小海豚600G+升级版,1835709207960	,厨房电器,净水器/净水设备及配件耗材,净水器,	,6923185653684	,	,	,	,无售后或售后取消,,2026-04-08 11:23:59,	,,,,,,,否,否,	,否,	,,558.9	,0.0	,5.0	,60.0	,0.0	,0.0	,0.0	,0.0	,493.9	,553.9	,JDAP02903759715,京东配送,河北省,石家庄市,新华区,,,否,否,	,	,	,否,	,	,	,	,	,	,	,	,	,	,	,	,否,否,	,否,否,,	,否,	,否,,,否
Viomi云米小海豚3 厨下净水器5年长效 600G RO反渗透纯水机,260408-680421015933190,已发货，待收货,1	,正常,2026-04-08 11:05:55,2026-04-10 11:05:55,,2026-04-08 14:39:27,	,868851073714	,【小海豚3】5年长效RO,1862048381595	,厨房电器,净水器/净水设备及配件耗材,净水器,	,6923185605867	,	,晒图评价赠送1年延保+返20元 [viomi小云朵 04/08 11:11],	,无售后或售后取消,,2026-04-08 11:05:55,	,,,,,,,否,否,	,否,	,,498.9	,0.0	,0.0	,60.0	,0.0	,0.0	,0.0	,0.0	,438.9	,498.9	,JDAP02903324333,京东配送,河南省,洛阳市,嵩县,,,否,否,	,	,	,否,	,	,	,	,	,	,	,	,	,	,	,	,否,否,	,否,否,,	,否,	,否,,,否
VIOMI云米净水器小海豚600G+升级版厨下式RO反渗透直饮家用,260408-368228514111679,已发货，待收货,1	,正常,2026-04-08 11:05:48,2026-04-09 11:05:48,,2026-04-08 18:25:42,	,852161740747	,小海豚600G+升级版,1835709207960	,厨房电器,净水器/净水设备及配件耗材,净水器,	,6923185653684	,	,	,	,无售后或售后取消,,2026-04-08 11:05:48,	,,,,,,,否,否,	,否,	,,558.9	,0.0	,0.0	,60.0	,0.2	,0.0	,0.0	,0.0	,498.9	,558.9	,JDAP02903759696,京东配送,山西省,晋中市,榆次区,,,否,否,	,	,	,否,	,	,	,	,	,	,	,	,	,	,	,	,否,否,	,否,否,,	,否,	,否,,,否
云米净水器600G小海豚升级版厨下式RO反渗透直饮家用,260408-604451715432947,已发货，待收货,1	,正常,2026-04-08 10:57:37,2026-04-09 10:57:37,,2026-04-08 18:25:07,	,852932116812	,小海豚600G+6年滤芯套装,1812983769340	,厨房电器,净水器/净水设备及配件耗材,净水器,	,S2508151538001,	,晒图评价赠送1根tds笔 [viomi小云朵 04/08 10:58]==AZ2604090237201==4.9贤达,	,无售后或售后取消,,2026-04-08 10:57:37,	,,,,,,,否,否,	,否,	,,772.0	,0.0	,0.0	,77.2	,0.0	,0.0	,0.0	,0.0	,694.8	,772.0	,JDAP02902874548,京东配送,天津市,天津市,滨海新区,,,否,否,	,	,	,否,	,	,	,	,	,	,	,	,	,	,	,	,否,否,	,否,否,,	,否,	,否,,,否
Viomi云米小海豚3 厨下净水器5年长效 600G RO反渗透纯水机,260408-114179510591981,已发货，待收货,1	,正常,2026-04-08 10:38:27,2026-04-10 10:38:27,,2026-04-08 14:42:23,	,868851073714	,【小海豚3】5年长效RO,1862048381595	,厨房电器,净水器/净水设备及配件耗材,净水器,	,6923185605867	,	,晒图评价赠送1年延保 [viomi小云朵 04/08 10:38],	,无售后或售后取消,,2026-04-08 10:38:27,	,,,,,,,否,否,	,否,	,,498.9	,0.0	,0.0	,60.0	,3.0	,0.0	,0.0	,0.0	,438.9	,498.9	,JDAP02903318348,京东配送,河北省,邯郸市,曲周县,,,否,否,	,	,	,否,	,	,	,	,	,	,	,	,	,	,	,	,否,否,	,否,否,,	,否,	,否,,,否
Viomi云米小海豚3 厨下净水器5年长效 600G RO反渗透纯水机,260408-413694707293410,已发货，待收货,1	,正常,2026-04-08 10:37:43,2026-04-10 10:37:43,	,2026-04-08 14:39:27,	,868851073714	,【小海豚3】5年长效RO,1862048381595	,厨房电器,净水器/净水设备及配件耗材,净水器,	,6923185605867	,	,	,	,无售后或售后取消,,2026-04-08 10:37:43,	,,,,,,,否,否,	,否,	,,498.9	,0.0	,0.0	,3.0	,0.0	,0.0	,0.0	,0.0	,495.9	,498.9	,JDAP02903318321,京东配送,湖北省,省直辖县级行政区划,天门市,,,否,否,	,	,	,否,	,	,	,	,	,	,	,	,	,	,	,	,否,否,	,否,否,,	,否,	,否,,,否
Viomi云米小海豚3 厨下净水器5年长效 600G RO反渗透纯水机,260408-187988723260080,未发货，退款成功,1	,正常,2026-04-08 10:28:32,2026-04-10 10:28:32,,	,	,868851073714	,【小海豚3】5年长效RO,1862048381595	,厨房电器,净水器/净水设备及配件耗材,净水器,	,6923185605867	,	,已退款未发货拦截=ZX2604080067800=4.8廖子键==TH2C777184317物流单号已取消,	,退款成功,,2026-04-08 10:28:32,	,,,,,,,否,否,	,否,	,,498.9	,0.0	,0.0	,99.0	,0.0	,0.0	,0.0	,0.0	,399.9	,498.9	,	,	,****,****,****,****,,否,否,	,	,	,否,	,	,	,	,	,	,	,	,	,	,	,	,否,否,	,否,否,,	,否,	,否,,,否
Viomi云米小海豚3 厨下净水器5年长效 600G RO反渗透纯水机,260408-394652567100080,未发货，退款成功,1	,正常,2026-04-08 10:27:25,2026-04-10 10:27:25,,	,	,868851073714	,【小海豚3】5年长效RO,1862048381595	,厨房电器,净水器/净水设备及配件耗材,净水器,	,6923185605867	,	,已退款 聚水潭已取消发货=4.8廖子键,	,退款成功,,2026-04-08 10:27:25,	,,,,,,,否,否,	,否,	,,498.9	,0.0	,0.0	,99.0	,0.2	,0.0	,0.0	,0.0	,399.9	,498.9	,	,	,****,****,****,****,,否,否,	,	,	,否,	,	,	,	,	,	,	,	,	,	,	,	,否,否,	,否,否,,	,否,	,否,,,否
Viomi云米小海豚3 厨下净水器5年长效 600G RO反渗透纯水机,260408-160977447243762,已发货，待收货,1	,正常,2026-04-08 10:18:05,2026-04-10 10:18:05,,2026-04-08 14:42:23,	,868851073714	,【小海豚3】5年长效RO,1862048381595	,厨房电器,净水器/净水设备及配件耗材,净水器,	,6923185605867	,	,	,	,无售后或售后取消,,2026-04-08 10:18:05,	,,,,,,,否,否,	,否,	,,498.9	,0.0	,0.0	,99.0	,0.2	,0.0	,0.0	,0.0	,399.9	,498.9	,JDAP02903321202,京东配送,四川省,遂宁市,船山区,,,否,否,	,	,	,否,	,	,	,	,	,	,	,	,	,	,	,	,否,否,	,否,否,,	,否,	,否,,,否
Viomi云米小海豚3 厨下净水器5年长效 600G RO反渗透纯水机,260408-345631639040631,已发货，待收货,1	,正常,2026-04-08 09:56:51,2026-04-10 09:56:51,,2026-04-08 14:42:23,	,868851073714	,【小海豚3】5年长效RO,1862048381595	,厨房电器,净水器/净水设备及配件耗材,净水器,	,6923185605867	,	,	,	,无售后或售后取消,,2026-04-08 09:56:51,	,,,,,,,否,否,	,否,	,,498.9	,0.0	,0.0	,3.0	,0.0	,0.0	,0.0	,0.0	,495.9	,498.9	,JDAP02903318303,京东配送,山东省,东营市,东营区,,,否,否,	,	,	,否,	,	,	,	,	,	,	,	,	,	,	,	,否,否,	,否,否,,	,否,	,否,,,否
VIOMI云米净水器小海豚600G+升级版厨下式RO反渗透直饮家用,260408-138726685032202,已发货，待收货,1	,正常,2026-04-08 09:56:51,2026-04-09 09:56:51,,2026-04-08 14:42:29,	,852161740747	,小海豚600G+升级版,1835709207960	,厨房电器,净水器/净水设备及配件耗材,净水器,	,6923185653684	,	,	,	,无售后或售后取消,,2026-04-08 09:56:51,	,,,,,,,否,否,	,否,	,,558.9	,0.0	,0.0	,0.0	,0.0	,0.0	,0.0	,0.0	,558.9	,558.9	,JDAP02903323980,京东配送,四川省,眉山市,东坡区,,,否,否,	,	,	,否,	,	,	,	,	,	,	,	,	,	,	,	,否,否,	,否,否,,	,否,	,否,,,否
VIOMI云米 复合滤芯五合一,260408-216782682540317,已发货，待收货,1	,正常,2026-04-08 09:47:20,2026-04-10 09:47:21,,2026-04-08 21:28:42,	,872941778883	,小海豚600G（旧款）适用,1860420763957	,厨房电器,净水器/净水设备及配件耗材,净水器配件耗材,	,6923185627425	,	,148元换购 后返差价 [viomi小云朵 04/08 09:47],	,无售后或售后取消,,2026-04-08 09:47:21,	,,,,,,,否,否,	,否,	,,288.0	,0.0	,0.0	,0.0	,0.0	,0.0	,0.0	,0.0	,288.0	,288.0	,JDAP02904162746,京东配送,天津市,天津市,北辰区,,,否,否,	,	,	,否,	,	,	,	,	,	,	,	,	,	,	,	,否,否,	,否,否,,	,否,	,否,,,否
VIOMI云米净水器小海豚600G+升级版厨下式RO反渗透直饮家用,260408-681196982650399,已发货，待收货,1	,正常,2026-04-08 09:32:13,2026-04-09 09:32:13,,2026-04-08 18:25:01,	,852161740747	,小海豚600G+升级版,1835709207960	,厨房电器,净水器/净水设备及配件耗材,净水器,	,6923185653684	,	,	,	,无售后或售后取消,,2026-04-08 09:32:13,	,,,,,,,否,否,	,否,	,,558.9	,0.0	,0.0	,0.0	,0.0	,0.0	,0.0	,0.0	,558.9	,558.9	,JDAP02902753174,京东配送,内蒙古自治区,锡林郭勒盟,太仆寺旗,,,否,否,	,	,	,否,	,	,	,	,	,	,	,	,	,	,	,	,否,否,	,否,否,,	,否,	,否,,,否
Viomi云米小海豚3 厨下净水器5年长效 600G RO反渗透纯水机,260408-523501637922143,已发货，待收货,1	,正常,2026-04-08 09:22:38,2026-04-10 09:22:38,,2026-04-08 14:42:24,	,868851073714	,【小海豚3】5年长效RO,1862048381595	,厨房电器,净水器/净水设备及配件耗材,净水器,	,6923185605867	,	,	,	,无售后或售后取消,,2026-04-08 09:22:38,	,,,,,,,否,否,	,否,	,,498.9	,0.0	,0.0	,60.0	,1.01	,0.0	,0.0	,0.0	,438.9	,498.9	,JDAP02903323972,京东配送,四川省,成都市,武侯区,,,否,否,	,	,	,否,	,	,	,	,	,	,	,	,	,	,	,	,否,否,	,否,否,,	,否,	,否,,,否
VIOMI云米净水器小海豚600G+升级版厨下式RO反渗透直饮家用,260408-252035807601859,已取消,1	,正常,	,	,,	,	,852161740747	,小海豚600G+升级版,1835709207960	,厨房电器,净水器/净水设备及配件耗材,净水器,	,6923185653684	,	,	,	,无售后或售后取消,,	,	,,,,,,,否,否,	,否,	,,558.9	,0.0	,0.0	,0.0	,0.0	,0.0	,0.0	,0.0	,558.9	,558.9	,	,	,****,****,****,****,,否,否,	,	,	,否,	,	,	,	,	,	,	,	,	,	,	,	,否,否,	,否,	,,	,否,	,否,,,否
VIOMI云米净水器小海豚600G+升级版厨下式RO反渗透直饮家用,260408-060744046093799,未发货，退款成功,1	,正常,2026-04-08 09:18:02,2026-04-09 09:18:02,,	,	,852161740747	,小海豚600G+升级版,1835709207960	,厨房电器,净水器/净水设备及配件耗材,净水器,	,6923185653684	,	,已退款 聚水潭已取消发货=4.8廖子键,	,退款成功,,2026-04-08 09:18:02,	,,,,,,,否,否,	,否,	,,558.9	,0.0	,5.0	,0.0	,0.0	,0.0	,0.0	,0.0	,553.9	,553.9	,	,	,****,****,****,****,,否,否,	,	,	,否,	,	,	,	,	,	,	,	,	,	,	,	,否,否,	,否,否,,	,否,	,否,,,否
VIOMI云米净水器小海豚600G+升级版厨下式RO反渗透直饮家用,260408-462212370831003,已取消,1	,正常,	,	,,	,	,852161740747	,小海豚600G+升级版,1835709207960	,厨房电器,净水器/净水设备及配件耗材,净水器,	,6923185653684	,	,	,	,无售后或售后取消,,	,	,,,,,,,否,否,	,否,	,,558.9	,0.0	,0.0	,0.0	,0.0	,0.0	,0.0	,0.0	,558.9	,558.9	,	,	,****,****,****,****,,否,否,	,	,	,否,	,	,	,	,	,	,	,	,	,	,	,	,否,否,	,否,	,,	,否,	,否,,,否
Viomi云米小海豚3 厨下净水器5年长效 600G RO反渗透纯水机,260408-511380089230994,已发货，待收货,2	,正常,2026-04-08 09:06:36,2026-04-10 09:06:36,,2026-04-08 18:24:41,	,868851073714	,【小海豚3】5年长效RO,1862048381595	,厨房电器,净水器/净水设备及配件耗材,净水器,	,6923185605867	,	,	,	,无售后或售后取消,,2026-04-08 09:06:36,	,,,,,,,否,否,	,否,	,,997.8	,0.0	,49.89	,0.0	,0.0	,0.0	,0.0	,0.0	,947.91	,947.91	,JDAP02904137312,京东配送,江苏省,徐州市,邳州市,,,否,否,	,	,	,否,	,	,	,	,	,	,	,	,	,	,	,	,否,否,	,否,否,,	,否,	,否,,,否
VIOMI云米净水器小海豚600G+升级版厨下式RO反渗透直饮家用,260408-123700580690135,已取消,1	,正常,	,	,,	,	,852161740747	,小海豚600G+升级版,1835709207960	,厨房电器,净水器/净水设备及配件耗材,净水器,	,6923185653684	,	,	,	,无售后或售后取消,,	,	,,,,,,,否,否,	,否,	,,558.9	,0.0	,0.0	,25.0	,0.0	,0.0	,0.0	,0.0	,533.9	,558.9	,	,	,****,****,****,****,,否,否,	,	,	,否,	,	,	,	,	,	,	,	,	,	,	,	,否,否,	,否,	,,	,否,	,否,,,否
Viomi云米小海豚3 厨下净水器5年长效 600G RO反渗透纯水机,260408-400021307731759,未发货，退款成功,1	,审核中，请勿发货,2026-04-08 08:50:37,2026-04-10 08:50:38,,	,	,868851073714	,【小海豚3】5年长效RO,1862048381595	,厨房电器,净水器/净水设备及配件耗材,净水器,	,6923185605867	,	,晒图评价赠送1年延保 [viomi小云朵 04/08 09:06]=已退款 聚水潭已取消发货=4.8廖子键,	,退款成功,,2026-04-08 08:50:38,	,,,,,,,否,否,	,否,	,,498.9	,0.0	,0.0	,60.0	,0.0	,0.0	,0.0	,0.0	,438.9	,498.9	,	,	,****,****,****,****,,否,否,	,	,	,否,	,	,	,	,	,	,	,	,	,	,	,	,否,否,	,否,	,,	,否,	,否,,,否
VIOMI云米净水器小海豚600G+升级版厨下式RO反渗透直饮家用,260408-660686815570135,已发货，待收货,1	,正常,2026-04-08 08:52:49,2026-04-09 08:52:49,,2026-04-08 18:24:34,	,852161740747	,小海豚600G+升级版,1835709207960	,厨房电器,净水器/净水设备及配件耗材,净水器,	,6923185653684	,	,晒图评价赠送1根Tds笔 [viomi小云朵 04/08 08:54],	,无售后或售后取消,,2026-04-08 08:52:49,	,,,,,,,否,否,	,否,	,,558.9	,0.0	,5.0	,60.0	,0.0	,0.0	,0.0	,0.0	,493.9	,553.9	,JDAP02902148824,京东配送,山东省,烟台市,莱州市,,,否,否,	,	,	,否,	,	,	,	,	,	,	,	,	,	,	,	,否,否,	,否,否,,	,否,	,否,,,否
Viomi云米小海豚3 厨下净水器5年长效 600G RO反渗透纯水机,260408-151057918322366,已发货，待收货,1	,正常,2026-04-08 07:53:43,2026-04-10 07:53:43,,2026-04-08 14:42:29,	,868851073714	,【小海豚3】5年长效RO,1862048381595	,厨房电器,净水器/净水设备及配件耗材,净水器,	,6923185605867	,	,	,	,无售后或售后取消,,2026-04-08 07:53:43,	,,,,,,,否,否,	,否,	,,498.9	,0.0	,0.0	,60.0	,0.0	,0.0	,0.0	,0.0	,438.9	,498.9	,JDAP02903323954,京东配送,吉林省,长春市,高新技术开发区,,,否,否,	,	,	,否,	,	,	,	,	,	,	,	,	,	,	,	,否,否,	,否,否,,	,否,	,否,,,否
Viomi云米小海豚3 厨下净水器5年长效 600G RO反渗透纯水机,260408-272608806500192,已发货，待收货,1	,正常,2026-04-08 07:46:44,2026-04-10 07:46:44,,2026-04-08 18:27:54,	,868851073714	,【小海豚3】5年长效RO,1862048381595	,厨房电器,净水器/净水设备及配件耗材,净水器,	,6923185605867	,	,	,	,无售后或售后取消,,2026-04-08 07:46:44,	,,,,,,,否,否,	,否,	,,498.9	,0.0	,0.0	,0.0	,0.0	,0.0	,0.0	,0.0	,498.9	,498.9	,JDAP02902557829,京东配送,河北省,石家庄市,藁城区,,,否,否,	,	,	,否,	,	,	,	,	,	,	,	,	,	,	,	,否,否,	,否,否,,	,否,	,否,,,否
VIOMI云米净水器小海豚600G+升级版厨下式RO反渗透直饮家用,260408-396917511704050,已取消,1	,正常,	,	,,	,	,852161740747	,小海豚600G+升级版,1835709207960	,厨房电器,净水器/净水设备及配件耗材,净水器,	,6923185653684	,	,	,	,无售后或售后取消,,	,	,,,,,,,否,否,	,否,	,,558.9	,0.0	,0.0	,0.0	,0.0	,0.0	,0.0	,0.0	,558.9	,558.9	,	,	,****,****,****,****,,否,否,	,	,	,否,	,	,	,	,	,	,	,	,	,	,	,	,否,否,	,否,	,,	,否,	,否,,,否
Viomi云米小海豚3 厨下净水器5年长效 600G RO反渗透纯水机,260408-256964062802398,已发货，待收货,1	,正常,2026-04-08 06:22:46,2026-04-10 06:22:47,,2026-04-08 08:28:23,	,868851073714	,【小海豚3】5年长效RO,1862048381595	,厨房电器,净水器/净水设备及配件耗材,净水器,	,6923185605867	,	,	,	,无售后或售后取消,,2026-04-08 06:22:47,	,,,,,,,否,否,	,否,	,,498.9	,0.0	,0.0	,0.0	,0.0	,0.0	,0.0	,0.0	,498.9	,498.9	,JDAP02927691974,京东配送,山东省,济南市,高新区,,,否,否,	,	,	,否,	,	,	,	,	,	,	,	,	,	,	,	,否,否,	,否,否,,	,否,	,否,,,否
Viomi云米小海豚3 厨下净水器5年长效 600G RO反渗透纯水机,260408-631788019282398,已取消,1	,正常,	,	,,	,	,868851073714	,【小海豚3】5年长效RO,1862048381595	,厨房电器,净水器/净水设备及配件耗材,净水器,	,6923185605867	,	,	,	,无售后或售后取消,,	,	,,,,,,,否,否,	,否,	,,498.9	,0.0	,0.0	,0.0	,0.0	,0.0	,0.0	,0.0	,498.9	,498.9	,	,	,****,****,****,****,,否,否,	,	,	,否,	,	,	,	,	,	,	,	,	,	,	,	,否,否,	,否,	,,	,否,	,否,,,否
云米净水器600G小海豚升级版厨下式RO反渗透直饮家用,260408-515060549141273,已发货，待收货,1	,正常,2026-04-08 06:12:28,2026-04-09 06:12:28,,2026-04-08 09:29:13,	,852932116812	,小海豚600G+6年滤芯套装,1812983769340	,厨房电器,净水器/净水设备及配件耗材,净水器,	,S2508151538001,	,	,	,无售后或售后取消,,2026-04-08 06:12:28,	,,,,,,,否,否,	,否,	,,772.0	,0.0	,0.0	,80.0	,0.0	,0.0	,0.0	,0.0	,692.0	,772.0	,JDAP02902150311,京东配送,河南省,信阳市,光山县,,,否,否,	,	,	,否,	,	,	,	,	,	,	,	,	,	,	,	,否,否,	,否,否,,	,否,	,否,,,否
VIOMI云米净水器小海豚600G+升级版厨下式RO反渗透直饮家用,260408-665940149890802,已发货，待收货,1	,正常,2026-04-08 04:21:56,2026-04-09 04:21:56,,2026-04-08 14:42:29,	,852161740747	,小海豚600G+升级版,1835709207960	,厨房电器,净水器/净水设备及配件耗材,净水器,	,6923185653684	,	,	,	,无售后或售后取消,,2026-04-08 04:21:56,	,,,,,,,否,否,	,否,	,,558.9	,0.0	,0.0	,0.0	,0.0	,0.0	,0.0	,0.0	,558.9	,558.9	,JDAP02903318312,京东配送,福建省,厦门市,集美区,,,否,否,	,	,	,否,	,	,	,	,	,	,	,	,	,	,	,	,否,否,	,否,否,,	,否,	,否,,,否
VIOMI云米净水器小海豚600G+升级版厨下式RO反渗透直饮家用,260408-632972930690802,已取消,1	,正常,	,	,,	,	,852161740747	,小海豚600G+升级版,1835709207960	,厨房电器,净水器/净水设备及配件耗材,净水器,	,6923185653684	,	,	,	,无售后或售后取消,,	,	,,,,,,,否,否,	,否,	,,558.9	,0.0	,0.0	,0.0	,0.0	,0.0	,0.0	,0.0	,558.9	,558.9	,	,	,****,****,****,****,,否,否,	,	,	,否,	,	,	,	,	,	,	,	,	,	,	,	,否,否,	,否,	,,	,否,	,否,,,否
Viomi云米小海豚3 厨下净水器5年长效 600G RO反渗透纯水机,260408-432055293480840,已发货，待收货,1	,正常,2026-04-08 02:22:21,2026-04-10 02:22:21,,2026-04-08 08:28:08,	,868851073714	,【小海豚3】5年长效RO,1862048381595	,厨房电器,净水器/净水设备及配件耗材,净水器,	,6923185605867	,	,	,	,无售后或售后取消,,2026-04-08 02:22:21,	,,,,,,,否,否,	,否,	,,498.9	,0.0	,0.0	,60.0	,0.0	,0.0	,0.0	,0.0	,438.9	,498.9	,JDAP02927573023,京东配送,山西省,长治市,潞州区,,,否,否,	,	,	,否,	,	,	,	,	,	,	,	,	,	,	,	,否,否,	,否,否,,	,否,	,否,,,否
VIOMI云米净水器小海豚600G+升级版厨下式RO反渗透直饮家用,260408-039625725473854,已发货，待收货,1	,正常,2026-04-08 01:44:06,2026-04-09 01:44:06,,2026-04-08 08:41:33,	,852161740747	,小海豚600G+升级版,1835709207960	,厨房电器,净水器/净水设备及配件耗材,净水器,	,6923185653684	,	,AZ2604080238297==4.8贤达 ,	,无售后或售后取消,,2026-04-08 01:44:06,	,,,,,,,否,否,	,否,	,,558.9	,0.0	,0.0	,0.0	,0.0	,0.0	,0.0	,0.0	,558.9	,558.9	,JDAP02927580915,京东配送,天津市,天津市,静海区,,,否,否,	,	,	,否,	,	,	,	,	,	,	,	,	,	,	,	,否,否,	,否,否,,	,否,	,否,,,否
Viomi云米小海豚3 厨下净水器5年长效 600G RO反渗透纯水机,260408-290298283583730,已发货，待收货,1	,正常,2026-04-08 01:39:16,2026-04-10 01:39:16,	,2026-04-08 14:42:29,	,868851073714	,【小海豚3】5年长效RO,1862048381595	,厨房电器,净水器/净水设备及配件耗材,净水器,	,6923185605867	,	,	,	,无售后或售后取消,,2026-04-08 01:39:16,	,,,,,,,否,否,	,否,	,,498.9	,0.0	,0.0	,0.0	,0.0	,0.0	,0.0	,0.0	,498.9	,498.9	,JDAP02903323937,京东配送,广东省,广州市,白云区,,,否,否,	,	,	,否,	,	,	,	,	,	,	,	,	,	,	,	,否,否,	,否,否,,	,否,	,否,,,否
VIOMI云米净水器小海豚600G+升级版厨下式RO反渗透直饮家用,260408-207659998833656,未发货，退款成功,1	,正常,2026-04-08 01:37:39,2026-04-09 01:37:39,,	,	,852161740747	,小海豚600G+升级版,1835709207960	,厨房电器,净水器/净水设备及配件耗材,净水器,	,6923185653684	,	,已退款发货拦截=ZX2604080067696=4.8廖子键,	,退款成功,,2026-04-08 01:37:39,	,,,,,,,否,否,	,否,	,,558.9	,0.0	,0.0	,100.0	,0.0	,0.0	,0.0	,0.0	,458.9	,558.9	,	,	,****,****,****,****,,否,否,	,	,	,否,	,	,	,	,	,	,	,	,	,	,	,	,否,否,	,否,否,,	,否,	,否,,,否
Viomi云米小海豚3 厨下净水器5年长效 600G RO反渗透纯水机,260408-579820655022469,已取消,1	,正常,	,	,,	,	,868851073714	,【小海豚3】5年长效RO,1862048381595	,厨房电器,净水器/净水设备及配件耗材,净水器,	,6923185605867	,	,	,	,无售后或售后取消,,	,	,,,,,,,否,否,	,否,	,,498.9	,0.0	,0.0	,0.0	,0.0	,0.0	,0.0	,0.0	,498.9	,498.9	,	,	,****,****,****,****,,否,否,	,	,	,否,	,	,	,	,	,	,	,	,	,	,	,	,否,否,	,否,	,,	,否,	,否,,,否
VIOMI云米净水器小海豚600G+升级版厨下式RO反渗透直饮家用,260408-678281931182469,已取消,1	,正常,	,	,,	,	,852161740747	,小海豚600G+升级版,1835709207960	,厨房电器,净水器/净水设备及配件耗材,净水器,	,6923185653684	,	,	,	,无售后或售后取消,,	,	,,,,,,,否,否,	,否,	,,558.9	,0.0	,0.0	,0.0	,0.0	,0.0	,0.0	,0.0	,558.9	,558.9	,	,	,****,****,****,****,,否,否,	,	,	,否,	,	,	,	,	,	,	,	,	,	,	,	,否,否,	,否,	,,	,否,	,否,,,否
Viomi云米小海豚3 厨下净水器5年长效 600G RO反渗透纯水机,260408-459821575722620,已发货，待收货,1	,正常,2026-04-08 00:40:02,2026-04-10 00:40:02,,2026-04-08 14:39:27,	,868851073714	,【小海豚3】5年长效RO,1862048381595	,厨房电器,净水器/净水设备及配件耗材,净水器,	,6923185605867	,	,	,	,无售后或售后取消,,2026-04-08 00:40:02,	,,,,,,,否,否,	,否,	,,498.9	,0.0	,0.0	,60.0	,1.24	,0.0	,0.0	,0.0	,438.9	,498.9	,JDAP02903323910,京东配送,贵州省,贵阳市,云岩区,,,否,否,	,	,	,否,	,	,	,	,	,	,	,	,	,	,	,	,否,否,	,否,否,,	,否,	,否,,,否
VIOMI云米 复合滤芯五合一,260408-564574359852221,已发货，待收货,1	,正常,2026-04-08 00:36:40,2026-04-10 00:36:40,	,2026-04-08 14:39:27,	,872941778883	,小海豚3(600G)适用,1860252114502	,厨房电器,净水器/净水设备及配件耗材,净水器配件耗材,	,6923185657347	,	,	,	,无售后或售后取消,,2026-04-08 00:36:40,	,,,,,,,否,否,	,否,	,,288.0	,0.0	,199.0	,20.0	,0.0	,0.0	,0.0	,0.0	,69.0	,89.0	,JDAP02903321130,京东配送,河南省,郑州市,管城回族区,,,否,否,	,	,	,否,	,	,	,	,	,	,	,	,	,	,	,	,否,否,	,否,否,,	,否,	,否,,,否
云米净水器600G小海豚升级版厨下式RO反渗透直饮家用,260408-099834928790765,已发货，待收货,1	,正常,2026-04-08 00:11:02,2026-04-09 00:11:02,,2026-04-08 14:42:21,	,852932116812	,小海豚600G+6年滤芯套装,1812983769340	,厨房电器,净水器/净水设备及配件耗材,净水器,	,S2508151538001,	,	,	,无售后或售后取消,,2026-04-08 00:11:02,	,,,,,,,否,否,	,否,	,,772.0	,0.0	,0.0	,100.0	,0.0	,0.0	,0.0	,0.0	,672.0	,772.0	,JDAP02903321157,京东配送,广西壮族自治区,南宁市,西乡塘区,,,否,否,	,	,	,否,	,	,	,	,	,	,	,	,	,	,	,	,否,否,	,否,否,,	,否,	,否,,,否
Viomi云米小海豚3 厨下净水器5年长效 600G RO反渗透纯水机,260408-351566621023741,已取消,1	,正常,	,	,,	,	,868851073714	,【小海豚3】5年长效RO,1862048381595	,厨房电器,净水器/净水设备及配件耗材,净水器,	,6923185605867	,	,	,	,无售后或售后取消,,	,	,,,,,,,否,否,	,否,	,,498.9	,0.0	,0.0	,30.0	,0.0	,0.0	,0.0	,0.0	,468.9	,498.9	,	,	,****,****,****,****,,否,否,	,	,	,否,	,	,	,	,	,	,	,	,	,	,	,	,否,否,	,否,	,,	,否,	,否,,,否