日期,主体ID,主体类型,主体名称,展现量,点击量,花费,点击率,平均点击花费,千次展现花费,总预售成交金额,总预售成交笔数,直接预售成交金额,直接预售成交笔数,间接预售成交金额,间接预售成交笔数,直接成交金额,间接成交金额,总成交金额,总成交笔数,直接成交笔数,间接成交笔数,点击转化率,投入产出比,总成交成本,总购物车数,直接购物车数,间接购物车数,加购率,收藏宝贝数,收藏店铺数,店铺收藏成本,总收藏加购数,总收藏加购成本,宝贝收藏加购数,宝贝收藏加购成本,总收藏数,宝贝收藏成本,宝贝收藏率,加购成本,拍下订单笔数,拍下订单金额,直接收藏宝贝数,间接收藏宝贝数,优惠券领取量,购物金充值笔数,购物金充值金额,旺旺咨询量,引导访问量,引导访问人数,引导访问潜客数,引导访问潜客占比,入会率,入会量,引导访问率,深度访问量,平均访问页面数,成交新客数,成交新客占比,会员首购人数,会员成交金额,会员成交笔数,成交人数,人均成交笔数,人均成交金额,自然流量转化金额,自然流量曝光量,平台助推总成交,平台助推直接成交,平台助推点击
2025-09-17,968448838463,商品,云米鲲鹏净热净水器直饮家用净水加热一体MR1051R复合一体芯RO膜,2485,111,49.70,0.04467,0.45,20.00,0.00,0,0.00,0,0.00,0,0.00,0.00,0.00,0,0,0,0,0.00,,0,0,0,0,2,0,,2,24.85,2,24.85,2,24.85,0.01802,,0,0.00,2,0,0,0,0.00,0,163,109,99,0.90826,0,0,0.06559,30,1,0,,0,0.00,0,0,,,0.00,0,0.00,0.00,0
2025-09-17,962045858112,商品,[政府补贴]云米白富镁净水器昆仑4Pro弱碱反渗透RO膜直饮弱碱矿泉,8609,226,946.29,0.02625,4.19,109.92,0.00,0,0.00,0,0.00,0,0.00,0.00,0.00,0,0,0,0,0.00,,16,14,2,0.0708,17,1,946.29,34,27.83,33,28.68,18,55.66,0.07522,59.14,0,0.00,16,1,0,0,0.00,10,550,211,171,0.81043,0,0,0.06389,273,3,0,,0,0.00,0,0,,,0.00,0,0.00,0.00,0
2025-09-17,943337811298,商品,云米掌静脉智能门锁猫眼大屏人脸识别家用指纹锁电子锁蓝调2a pro,3498,72,228.51,0.02058,3.17,65.33,0.00,0,0.00,0,0.00,0,0.00,999.00,999.00,1,0,1,0.01389,4.37,228.51,6,3,3,0.08333,0,0,,6,38.09,6,38.09,0,,0,38.09,1,1499.00,0,0,0,0,0.00,1,188,69,62,0.89855,0,0,0.05374,89,3,1,1,0,0.00,0,1,1,999.00,0.00,0,0.00,0.00,0
2025-09-17,935542865349,商品,云米昆仑4Pro弱碱净水器矿物质水1400G家用厨下直饮母婴APP智控,4521,133,537.19,0.02942,4.04,118.82,0.00,0,0.00,0,0.00,0,0.00,0.00,0.00,0,0,0,0,0.00,,16,14,2,0.1203,16,0,,32,16.79,32,16.79,16,33.57,0.1203,33.57,0,0.00,16,0,0,0,0.00,5,398,117,80,0.68376,0,0,0.08803,264,3,0,,0,0.00,0,0,,,0.00,0,0.00,0.00,0
2025-09-17,928309516277,商品,云米鲲鹏Pro抽油烟机28m?大吸力厨房顶吸式家用新款以旧换新补贴,15921,149,455.47,0.00936,3.06,28.61,0.00,0,0.00,0,0.00,0,0.00,0.00,0.00,0,0,0,0,0.00,,8,5,3,0.05369,0,1,455.47,9,50.61,8,56.93,1,,0,56.93,1,4999.00,0,0,0,0,0.00,7,375,152,118,0.77632,0,0,0.02355,164,2,0,,0,0.00,0,0,,,0.00,0,0.00,0.00,0
2025-09-17,920312446415,商品,云米指纹锁电子锁密码锁智能门锁门蓝调3A旗舰店已接入米家app,407,13,12.43,0.03194,0.96,30.54,0.00,0,0.00,0,0.00,0,0.00,0.00,0.00,0,0,0,0,0.00,,0,0,0,0,0,0,,0,,0,,0,,0,,0,0.00,0,0,0,0,0.00,0,36,13,11,0.84615,0,0,0.08845,12,3,0,,0,0.00,0,0,,,0.00,0,0.00,0.00,0
2025-09-17,917091926716,商品,云米昆仑4矿泉制冰净水器制冷即热冰块一体直饮水家用台式净饮机,1818,47,99.22,0.02585,2.11,54.58,0.00,0,0.00,0,0.00,0,0.00,0.00,0.00,0,0,0,0,0.00,,3,3,0,0.06383,0,0,,3,33.07,3,33.07,0,,0,33.07,0,0.00,0,0,0,0,0.00,2,73,41,33,0.80488,0,0,0.04015,24,2,0,,0,0.00,0,0,,,0.00,0,0.00,0.00,0
2025-09-17,913043253833,商品,云米大黑翼24m?油烟机大吸力顶侧三吸吸油烟家用抽油烟机自清洁,2300,17,8.94,0.00739,0.53,3.89,0.00,0,0.00,0,0.00,0,0.00,0.00,0.00,0,0,0,0,0.00,,0,0,0,0,0,0,,0,,0,,0,,0,,0,0.00,0,0,0,0,0.00,1,89,33,32,0.9697,0,0,0.0387,9,3,0,,0,0.00,0,0,,,0.00,0,0.00,0.00,0
2025-09-17,902116631708,商品,云米矿泉台式净饮机即热式饮水机直饮家用矿化加热一体机净水器,5548,93,297.48,0.01676,3.20,53.62,0.00,0,0.00,0,0.00,0,0.00,0.00,0.00,0,0,0,0,0.00,,4,4,0,0.04301,0,0,,4,74.37,4,74.37,0,,0,74.37,0,0.00,0,0,0,0,0.00,2,151,76,70,0.92105,0,0,0.02722,56,2,0,,0,0.00,0,0,,,0.00,0,0.00,0.00,0
2025-09-17,884624431355,商品,云米蓝调智能门锁家用密码锁指纹锁电子门锁防盗门官方旗舰店正品,4635,98,200.87,0.02114,2.05,43.34,0.00,0,0.00,0,0.00,0,1898.00,0.00,1898.00,2,2,0,0.02041,9.45,100.44,4,4,0,0.04082,6,0,,10,20.09,10,20.09,6,33.48,0.06122,50.22,2,2898.00,6,0,0,0,0.00,7,179,91,62,0.68132,0,0,0.03862,63,2,2,1,0,0.00,0,2,1,949.00,0.00,0,0.00,0.00,0
2025-09-17,876096115017,商品,云米智能门锁猫眼可视指纹锁防盗门家用密码锁蓝调2a pro电子锁,6348,101,302.85,0.01591,3.00,47.71,0.00,0,0.00,0,0.00,0,0.00,1998.00,1998.00,2,0,2,0.0198,6.60,151.43,6,5,1,0.05941,9,1,302.85,16,18.93,15,20.19,10,33.65,0.08911,50.48,2,2998.00,9,0,0,0,0.00,2,205,98,83,0.84694,0,0,0.03229,79,2,2,1,0,0.00,0,2,1,999.00,0.00,0,0.00,0.00,0
2025-09-17,867339045616,商品,云米智能马桶零压冲水脚踢感应翻盖泡沫盾小鲸鱼2pro官方旗舰店,2128,30,79.27,0.0141,2.64,37.25,0.00,0,0.00,0,0.00,0,0.00,0.00,0.00,0,0,0,0,0.00,,0,0,0,0,1,0,,1,79.27,1,79.27,1,79.27,0.03333,,0,0.00,1,0,0,0,0.00,0,39,30,27,0.9,0,0,0.01833,8,1,0,,0,0.00,0,0,,,0.00,0,0.00,0.00,0
2025-09-17,859596092874,商品,云米智能门锁3D人脸智能门锁电子指纹锁家用防盗密码锁蓝调2a pro,10251,210,552.13,0.02049,2.63,53.86,0.00,0,0.00,0,0.00,0,3596.00,1299.00,4895.00,5,4,1,0.02381,8.87,110.43,11,9,2,0.05238,5,1,552.13,17,32.48,16,34.51,6,110.43,0.02381,50.19,6,9694.00,5,0,0,0,0.00,13,427,239,212,0.88703,0,0,0.04165,156,2,4,1,0,0.00,0,4,1,1223.75,0.00,0,0.00,0.00,0
2025-09-17,839274619649,商品,云米昆仑3Pro矿泉即热净水器1000G鲜热净饮机母婴直饮RO膜反渗透,2911,27,47.23,0.00928,1.75,16.22,0.00,0,0.00,0,0.00,0,0.00,0.00,0.00,0,0,0,0,0.00,,0,0,0,0,0,0,,0,,0,,0,,0,,0,0.00,0,0,0,0,0.00,0,58,29,20,0.68966,0,0,0.01992,12,2,0,,0,0.00,0,0,,,0.00,0,0.00,0.00,0
2025-09-17,837518155964,商品,[1.11洗净比]云米洗衣机滚筒家用全自动超薄10kg大容量[除菌除螨],3,0,0.00,0,,0.00,0.00,0,0.00,0,0.00,0,0.00,0.00,0.00,0,0,0,,,,0,0,0,,0,0,,0,,0,,0,,,,0,0.00,0,0,0,0,0.00,0,0,0,0,,,0,0,0,,0,,0,0.00,0,0,,,0.00,0,0.00,0.00,0
2025-09-17,831641379841,商品,云米昆仑Super 2E 1000G矿泉净水器RO膜厨房自来水过滤器矿物质,6921,42,93.58,0.00607,2.23,13.52,0.00,0,0.00,0,0.00,0,0.00,0.00,0.00,0,0,0,0,0.00,,1,0,1,0.02381,1,0,,2,46.79,2,46.79,1,93.58,0.02381,93.58,0,0.00,1,0,0,0,0.00,0,114,37,35,0.94595,0,0,0.01647,41,3,0,,0,0.00,0,0,,,0.00,0,0.00,0.00,0
2025-09-17,828385611984,商品,云米热水器家用电热水器储水式卫生间洗澡速热出租房用50升X1,1710,22,40.04,0.01287,1.82,23.42,0.00,0,0.00,0,0.00,0,0.00,699.00,699.00,1,0,1,0.04545,17.46,40.04,0,0,0,0,0,0,,0,,0,,0,,0,,1,1999.00,0,0,0,0,0.00,1,43,20,9,0.45,0,0,0.02515,21,2,1,1,0,0.00,0,1,1,699.00,0.00,0,0.00,0.00,0
2025-09-17,825323478418,商品,云米鲲鹏油烟机家用厨房大吸力大风量抽油烟机单烟机,20,2,4.34,0.1,2.17,217.00,0.00,0,0.00,0,0.00,0,0.00,0.00,0.00,0,0,0,0,0.00,,0,0,0,0,0,0,,0,,0,,0,,0,,0,0.00,0,0,0,0,0.00,0,4,2,1,0.5,0,0,0.2,2,2,0,,0,0.00,0,0,,,0.00,0,0.00,0.00,0
2025-09-17,766129700011,商品,云米智能门锁人脸识别猫眼大屏指纹密码锁家用智能锁蓝调2a pro,14254,138,280.61,0.00968,2.03,19.69,0.00,0,0.00,0,0.00,0,0.00,635.00,635.00,2,0,2,0.01449,2.26,140.31,2,1,1,0.01449,1,0,,3,93.54,3,93.54,1,280.61,0.00725,140.31,3,636.00,1,0,0,0,0.00,6,239,131,123,0.93893,0,0,0.01677,82,2,1,1,0,0.00,0,1,2,635.00,0.00,0,0.00,0.00,0
2025-09-17,743595234042,商品,云米滚筒洗衣机12KG超薄直驱全自动家用大容量洗烘一体Super 2Max,312,4,2.25,0.01282,0.56,7.21,0.00,0,0.00,0,0.00,0,0.00,0.00,0.00,0,0,0,0,0.00,,0,0,0,0,0,0,,0,,0,,0,,0,,0,0.00,0,0,0,0,0.00,0,5,4,4,1,0,0,0.01603,1,1,0,,0,0.00,0,0,,,0.00,0,0.00,0.00,0
2025-09-17,714696231559,商品,以旧换新补贴云米冰箱十字门大容量超薄零嵌入式冰箱风冷无霜500,3736,51,45.81,0.01365,0.90,12.26,0.00,0,0.00,0,0.00,0,0.00,0.00,0.00,0,0,0,0,0.00,,0,0,0,0,0,0,,0,,0,,0,,0,,0,0.00,0,0,0,0,0.00,0,64,39,22,0.5641,0,0,0.01713,3,2,0,,0,0.00,0,0,,,0.00,0,0.00,0.00,0
2025-09-17,679863140859,商品,云米super油烟机厨房家用24m?大吸力大风量抽烟机顶侧三吸旗舰店,60,7,16.42,0.11667,2.35,273.67,0.00,0,0.00,0,0.00,0,0.00,0.00,0.00,0,0,0,0,0.00,,0,0,0,0,0,0,,0,,0,,0,,0,,0,0.00,0,0,0,0,0.00,0,9,4,4,1,0,0,0.15,5,2,0,,0,0.00,0,0,,,0.00,0,0.00,0.00,0
2025-09-17,678410193065,商品,云米小蓝调电热水器60升3200W家用租房卫生间洗澡速热一级能效,252,1,2.88,0.00397,2.88,11.43,0.00,0,0.00,0,0.00,0,0.00,0.00,0.00,0,0,0,0,0.00,,0,0,0,0,0,0,,0,,0,,0,,0,,0,0.00,0,0,0,0,0.00,1,1,1,1,1,0,0,0.00397,0,1,0,,0,0.00,0,0,,,0.00,0,0.00,0.00,0
2025-09-17,678371690118,商品,云米电热水器50L升3200W家用速热触摸屏控制小蓝调,90,4,5.37,0.04444,1.34,59.67,0.00,0,0.00,0,0.00,0,0.00,0.00,0.00,0,0,0,0,0.00,,0,0,0,0,0,0,,0,,0,,0,,0,,0,0.00,0,0,0,0,0.00,0,11,3,2,0.66667,0,0,0.12222,7,4,0,,0,0.00,0,0,,,0.00,0,0.00,0.00,0
2025-09-17,671890389960,商品,云米家用净水器ro反渗透净水机Super Y1200G管线机前置过滤器套餐,12235,54,112.56,0.00441,2.08,9.20,0.00,0,0.00,0,0.00,0,0.00,0.00,0.00,0,0,0,0,0.00,,1,1,0,0.01852,0,0,,1,112.56,1,112.56,0,,0,112.56,0,0.00,0,0,0,0,0.00,0,121,46,39,0.84783,0,0,0.00989,48,3,0,,0,0.00,0,0,,,0.00,0,0.00,0.00,0
2025-09-17,656747298911,商品,云米10公斤超薄滚筒洗衣机除菌家用全自动洗烘干一体机Super2S,80,0,0.00,0,,0.00,0.00,0,0.00,0,0.00,0,0.00,0.00,0.00,0,0,0,,,,0,0,0,,0,0,,0,,0,,0,,,,0,0.00,0,0,0,0,0.00,0,0,0,0,,,0,0,0,,0,,0,0.00,0,0,,,0.00,0,0.00,0.00,0
2025-09-17,655513921354,商品,【超值套装】云米油烟机家用大吸力侧吸抽油烟机厨房净油烟旗舰店,377,7,37.03,0.01857,5.29,98.22,0.00,0,0.00,0,0.00,0,0.00,0.00,0.00,0,0,0,0,0.00,,0,0,0,0,0,0,,0,,0,,0,,0,,0,0.00,0,0,0,0,0.00,0,10,7,5,0.71429,0,0,0.02653,3,1,0,,0,0.00,0,0,,,0.00,0,0.00,0.00,0
2025-09-17,628098391023,商品,[超薄嵌入]云米滚筒洗衣机10公斤大容量全自动家用洗烘一体机m1,247,6,3.07,0.02429,0.51,12.43,0.00,0,0.00,0,0.00,0,0.00,0.00,0.00,0,0,0,0,0.00,,0,0,0,0,0,0,,0,,0,,0,,0,,0,0.00,0,0,0,0,0.00,0,12,6,4,0.66667,0,0,0.04858,6,2,0,,0,0.00,0,0,,,0.00,0,0.00,0.00,0
2025-09-17,625597690034,商品,云米净水器小蓝调600G+反渗透RO净水机家用直饮厨房已接入米家APP,1330,86,467.53,0.06466,5.44,351.53,0.00,0,0.00,0,0.00,0,7092.00,1699.00,8791.00,9,8,1,0.10465,18.80,51.95,18,17,1,0.2093,0,0,,18,25.97,18,25.97,0,,0,25.97,14,36186.00,0,0,0,0,0.00,5,334,66,50,0.75758,0,0,0.25113,248,5,9,1,1,999.00,1,9,1,976.78,0.00,0,0.00,0.00,0
2025-09-17,622906064684,商品,云米蓝调2节能燃气热水器13L智能恒温家用洗澡防冻已接入米家APP,10289,161,186.03,0.01565,1.16,18.08,0.00,0,0.00,0,0.00,0,0.00,0.00,0.00,0,0,0,0,0.00,,2,1,1,0.01242,0,0,,2,93.02,2,93.02,0,,0,93.02,0,0.00,0,0,0,0,0.00,3,281,142,105,0.73944,0,0,0.02731,52,2,0,,0,0.00,0,0,,,0.00,0,0.00,0.00,0
2025-09-17,618018564033,商品,云米智能马桶泡沫盾座便器虹吸座圈恒温小鲸鱼2正品官方旗舰店,1,0,0.00,0,,0.00,0.00,0,0.00,0,0.00,0,0.00,0.00,0.00,0,0,0,,,,0,0,0,,0,0,,0,,0,,0,,,,0,0.00,0,0,0,0,0.00,0,0,0,0,,,0,0,0,,0,,0,0.00,0,0,,,0.00,0,0.00,0.00,0
2025-09-17,608854445255,商品,云米燃气热水器家用洗澡16升恒温零冷水天然气热水器Zero,310,3,12.31,0.00968,4.10,39.71,0.00,0,0.00,0,0.00,0,0.00,0.00,0.00,0,0,0,0,0.00,,0,0,0,0,0,0,,0,,0,,0,,0,,0,0.00,0,0,0,0,0.00,2,35,3,2,0.66667,0,0,0.1129,32,12,0,,0,0.00,0,0,,,0.00,0,0.00,0.00,0
2025-09-17,606905855126,商品,云米Air电热水器扁桶双胆家用小户型速热储水式洗澡即热智控60升,690,5,9.94,0.00725,1.99,14.41,0.00,0,0.00,0,0.00,0,0.00,0.00,0.00,0,0,0,0,0.00,,0,0,0,0,0,0,,0,,0,,0,,0,,0,0.00,0,0,0,0,0.00,0,11,4,3,0.75,0,0,0.01594,4,3,0,,0,0.00,0,0,,,0.00,0,0.00,0.00,0
2025-09-17,604198801818,商品,【旗舰爆款】云米厨房垃圾处理器家用厨余垃圾粉碎机厨余搅碎机,250,21,95.55,0.084,4.55,382.20,0.00,0,0.00,0,0.00,0,899.00,0.00,899.00,1,1,0,0.04762,9.41,95.55,0,0,0,0,0,0,,0,,0,,0,,0,,1,3999.00,0,0,0,0,0.00,0,29,21,20,0.95238,0,0,0.116,6,1,1,1,0,0.00,0,1,1,899.00,0.00,0,0.00,0.00,0
2025-09-17,578994373748,商品,云米电热水器1A热水器洗澡家用60升速热一级能效节能省电电热水器,488,11,18.64,0.02254,1.69,38.20,0.00,0,0.00,0,0.00,0,0.00,0.00,0.00,0,0,0,0,0.00,,0,0,0,0,0,0,,0,,0,,0,,0,,0,0.00,0,0,0,0,0.00,0,18,10,7,0.7,0,0,0.03689,4,2,0,,0,0.00,0,0,,,0.00,0,0.00,0.00,0
2025-09-16,968448838463,商品,云米鲲鹏净热净水器直饮家用净水加热一体MR1051R复合一体芯RO膜,1460,80,48.84,0.05479,0.61,33.45,0.00,0,0.00,0,0.00,0,0.00,0.00,0.00,0,0,0,0,0.00,,1,0,1,0.0125,1,0,,2,24.42,2,24.42,1,48.84,0.0125,48.84,0,0.00,0,1,0,0,0.00,1,147,76,69,0.90789,0,0,0.10068,40,2,0,,0,0.00,0,0,,,0.00,32,0.00,0.00,0
2025-09-16,962045858112,商品,[政府补贴]云米白富镁净水器昆仑4Pro弱碱反渗透RO膜直饮弱碱矿泉,7520,185,744.94,0.0246,4.03,99.06,0.00,0,0.00,0,0.00,0,0.00,199.00,199.00,1,0,1,0.00541,0.27,744.94,22,19,3,0.11892,11,2,372.47,35,21.28,33,22.57,13,67.72,0.05946,33.86,1,199.00,10,1,0,0,0.00,12,510,177,125,0.70621,0,0,0.06782,280,3,1,1,0,0.00,0,1,1,199.00,36.24,330,0.00,0.00,0
2025-09-16,943337811298,商品,云米掌静脉智能门锁猫眼大屏人脸识别家用指纹锁电子锁蓝调2a pro,3053,40,172.15,0.0131,4.30,56.39,0.00,0,0.00,0,0.00,0,0.00,0.00,0.00,0,0,0,0,0.00,,2,0,2,0.05,2,1,172.15,5,34.43,4,43.04,3,86.08,0.05,86.08,0,0.00,2,0,0,0,0.00,8,129,35,23,0.65714,0,0,0.04225,69,4,0,,0,0.00,0,0,,,0.00,93,0.00,0.00,0
2025-09-16,935542865349,商品,云米昆仑4Pro弱碱净水器矿物质水1400G家用厨下直饮母婴APP智控,6802,130,500.44,0.01911,3.85,73.57,0.00,0,0.00,0,0.00,0,0.00,299.00,299.00,1,0,1,0.00769,0.60,500.44,14,14,0,0.10769,11,1,500.44,26,19.25,25,20.02,12,45.49,0.08462,35.75,2,7421.00,11,0,0,0,0.00,7,298,114,70,0.61404,0,0,0.04381,152,3,1,1,0,0.00,0,1,1,299.00,107.36,248,0.00,0.00,0
2025-09-16,928309516277,商品,云米鲲鹏Pro抽油烟机28m?大吸力厨房顶吸式家用新款以旧换新补贴,15362,142,298.94,0.00924,2.11,19.46,0.00,0,0.00,0,0.00,0,0.00,0.00,0.00,0,0,0,0,0.00,,7,3,4,0.0493,2,0,,9,33.22,9,33.22,2,149.47,0.01408,42.71,0,0.00,2,0,0,0,0.00,4,383,140,109,0.77857,0,0,0.02493,170,3,0,,0,0.00,0,0,,,0.00,125,0.00,0.00,0
2025-09-16,920312446415,商品,云米指纹锁电子锁密码锁智能门锁门蓝调3A旗舰店已接入米家app,198,2,1.86,0.0101,0.93,9.39,0.00,0,0.00,0,0.00,0,0.00,0.00,0.00,0,0,0,0,0.00,,0,0,0,0,0,0,,0,,0,,0,,0,,0,0.00,0,0,0,0,0.00,0,2,2,2,1,0,0,0.0101,0,1,0,,0,0.00,0,0,,,0.00,1,0.00,0.00,0
2025-09-16,917091926716,商品,云米昆仑4矿泉制冰净水器制冷即热冰块一体直饮水家用台式净饮机,1303,31,100.00,0.02379,3.23,76.75,0.00,0,0.00,0,0.00,0,0.00,0.00,0.00,0,0,0,0,0.00,,1,1,0,0.03226,2,0,,3,33.33,3,33.33,2,50.00,0.06452,100.00,0,0.00,1,1,0,0,0.00,2,60,28,20,0.71429,0,0,0.04605,26,2,0,,0,0.00,0,0,,,0.00,45,0.00,0.00,0
2025-09-16,913043253833,商品,云米大黑翼24m?油烟机大吸力顶侧三吸吸油烟家用抽油烟机自清洁,5101,35,11.31,0.00686,0.32,2.22,0.00,0,0.00,0,0.00,0,0.00,0.00,0.00,0,0,0,0,0.00,,0,0,0,0,0,0,,0,,0,,0,,0,,0,0.00,0,0,0,0,0.00,0,349,71,67,0.94366,0,0,0.06842,4,5,0,,0,0.00,0,0,,,0.00,0,0.00,0.00,0
2025-09-16,902116631708,商品,云米矿泉台式净饮机即热式饮水机直饮家用矿化加热一体机净水器,5133,88,290.65,0.01714,3.30,56.62,0.00,0,0.00,0,0.00,0,0.00,0.00,0.00,0,0,0,0,0.00,,5,4,1,0.05682,0,0,,5,58.13,5,58.13,0,,0,58.13,0,0.00,0,0,0,0,0.00,3,180,80,70,0.875,0,0,0.03507,64,2,0,,0,0.00,0,0,,,0.00,327,0.00,0.00,0
2025-09-16,884624431355,商品,云米智能门锁家用密码锁指纹锁电子门锁防盗门正品官方旗舰店正品,5966,92,164.57,0.01542,1.79,27.58,0.00,0,0.00,0,0.00,0,0.00,0.00,0.00,0,0,0,0,0.00,,11,11,0,0.11957,5,0,,16,10.29,16,10.29,5,32.91,0.05435,14.96,0,0.00,5,0,0,0,0.00,5,195,83,53,0.63855,0,0,0.03269,82,2,0,,0,0.00,0,0,,,0.00,79,0.00,0.00,0
2025-09-16,876096115017,商品,云米智能门锁猫眼可视指纹锁防盗门家用密码锁蓝调2a pro电子锁,4627,90,287.05,0.01945,3.19,62.04,0.00,0,0.00,0,0.00,0,0.00,3297.00,3297.00,5,0,5,0.05556,11.49,57.41,9,5,4,0.1,8,0,,17,16.89,17,16.89,8,35.88,0.08889,31.89,6,4897.00,8,0,0,0,0.00,6,188,84,76,0.90476,0,0,0.04063,87,2,2,1,1,2298.00,4,2,3,1648.50,116.21,1166,0.00,0.00,0
2025-09-16,867339045616,商品,云米智能马桶零压冲水脚踢感应翻盖泡沫盾小鲸鱼2pro官方旗舰店,1579,28,94.50,0.01773,3.38,59.85,0.00,0,0.00,0,0.00,0,0.00,0.00,0.00,0,0,0,0,0.00,,0,0,0,0,0,0,,0,,0,,0,,0,,0,0.00,0,0,0,0,0.00,0,39,27,26,0.96296,0,0,0.0247,8,1,0,,0,0.00,0,0,,,0.00,6,0.00,0.00,0
2025-09-16,859596092874,商品,云米智能门锁3D人脸智能门锁电子指纹锁家用防盗密码锁蓝调2a pro,6884,185,434.03,0.02687,2.35,63.05,0.00,0,0.00,0,0.00,0,899.00,0.00,899.00,1,1,0,0.00541,2.07,434.03,10,7,3,0.05405,8,1,434.03,19,22.84,18,24.11,9,54.25,0.04324,43.40,6,9594.00,7,1,0,0,0.00,2,399,208,188,0.90385,0,0,0.05796,117,2,1,1,0,0.00,0,1,1,899.00,0.00,649,0.00,0.00,0
2025-09-16,839274619649,商品,云米昆仑3Pro矿泉即热净水器1000G鲜热净饮机母婴直饮RO膜反渗透,1611,32,53.76,0.01986,1.68,33.37,0.00,0,0.00,0,0.00,0,0.00,0.00,0.00,0,0,0,0,0.00,,0,0,0,0,1,0,,1,53.76,1,53.76,1,53.76,0.03125,,0,0.00,1,0,0,0,0.00,0,83,32,28,0.875,0,0,0.05152,8,3,0,,0,0.00,0,0,,,0.00,75,0.00,0.00,0
2025-09-16,837518155964,商品,[1.11洗净比]云米洗衣机滚筒家用全自动超薄10kg大容量[除菌除螨],7,0,0.00,0,,0.00,0.00,0,0.00,0,0.00,0,0.00,0.00,0.00,0,0,0,,,,0,0,0,,0,0,,0,,0,,0,,,,0,0.00,0,0,0,0,0.00,0,0,0,0,,,0,0,0,,0,,0,0.00,0,0,,,0.00,0,0.00,0.00,0
2025-09-16,831641379841,商品,云米昆仑Super 2E 1000G矿泉净水器RO膜厨房自来水过滤器矿物质,4978,39,87.05,0.00783,2.23,17.49,0.00,0,0.00,0,0.00,0,0.00,0.00,0.00,0,0,0,0,0.00,,2,2,0,0.05128,1,0,,3,29.02,3,29.02,1,87.05,0.02564,43.53,0,0.00,1,0,0,0,0.00,0,57,31,28,0.90323,0,0,0.01145,4,2,0,,0,0.00,0,0,,,941.34,466,0.00,0.00,0
2025-09-16,828385611984,商品,云米热水器家用电热水器储水式卫生间洗澡速热出租房用50升X1,595,12,23.15,0.02017,1.93,38.91,0.00,0,0.00,0,0.00,0,0.00,0.00,0.00,0,0,0,0,0.00,,0,0,0,0,1,0,,1,23.15,1,23.15,1,23.15,0.08333,,0,0.00,1,0,0,0,0.00,0,31,12,6,0.5,0,0,0.0521,19,3,0,,0,0.00,0,0,,,0.00,23,0.00,0.00,0
2025-09-16,825323478418,商品,云米鲲鹏油烟机家用厨房大吸力大风量抽油烟机单烟机,23,1,2.51,0.04348,2.51,109.13,0.00,0,0.00,0,0.00,0,0.00,0.00,0.00,0,0,0,0,0.00,,0,0,0,0,0,0,,0,,0,,0,,0,,0,0.00,0,0,0,0,0.00,0,1,1,1,1,0,0,0.04348,0,1,0,,0,0.00,0,0,,,0.00,2,0.00,0.00,0
2025-09-16,766129700011,商品,云米智能门锁人脸识别猫眼大屏指纹密码锁防盗家用智能锁Super2Y,20678,178,355.73,0.00861,2.00,17.20,0.00,0,0.00,0,0.00,0,2997.00,1009.00,4006.00,14,3,11,0.07865,11.26,25.41,10,10,0,0.05618,1,1,355.73,12,29.64,11,32.34,2,355.73,0.00562,35.57,39,46281.00,1,0,0,0,0.00,8,358,153,135,0.88235,0,0,0.01731,173,2,5,1,0,0.00,0,5,3,801.20,0.00,830,0.00,0.00,0
2025-09-16,743595234042,商品,云米滚筒洗衣机12KG超薄直驱全自动家用大容量洗烘一体Super 2Max,53,0,0.00,0,,0.00,0.00,0,0.00,0,0.00,0,0.00,0.00,0.00,0,0,0,,,,0,0,0,,0,0,,0,,0,,0,,,,0,0.00,0,0,0,0,0.00,0,0,0,0,,,0,0,0,,0,,0,0.00,0,0,,,0.00,0,0.00,0.00,0
2025-09-16,714696231559,商品,以旧换新补贴云米冰箱十字门大容量超薄零嵌入式冰箱风冷无霜500,5244,70,50.00,0.01335,0.71,9.53,0.00,0,0.00,0,0.00,0,0.00,0.00,0.00,0,0,0,0,0.00,,2,1,1,0.02857,2,0,,4,12.50,4,12.50,2,25.00,0.02857,25.00,0,0.00,1,1,0,0,0.00,0,109,52,36,0.69231,0,0,0.02079,24,2,0,,0,0.00,0,0,,,0.00,47,0.00,0.00,0
2025-09-16,679863140859,商品,云米super油烟机厨房家用24m?大吸力大风量抽烟机顶侧三吸旗舰店,83,4,18.84,0.04819,4.71,226.99,0.00,0,0.00,0,0.00,0,0.00,0.00,0.00,0,0,0,0,0.00,,0,0,0,0,0,0,,0,,0,,0,,0,,0,0.00,0,0,0,0,0.00,0,7,4,2,0.5,0,0,0.08434,3,2,0,,0,0.00,0,0,,,0.00,2,0.00,0.00,0
2025-09-16,678410193065,商品,云米小蓝调电热水器60升3200W家用租房卫生间洗澡速热一级能效,318,0,0.00,0,,0.00,0.00,0,0.00,0,0.00,0,0.00,0.00,0.00,0,0,0,,,,0,0,0,,0,0,,0,,0,,0,,,,0,0.00,0,0,0,0,0.00,0,0,0,0,,,0,0,0,,0,,0,0.00,0,0,,,0.00,0,0.00,0.00,0
2025-09-16,678371690118,商品,云米电热水器50L升3200W家用速热触摸屏控制小蓝调,120,4,13.26,0.03333,3.32,110.50,0.00,0,0.00,0,0.00,0,0.00,0.00,0.00,0,0,0,0,0.00,,0,0,0,0,0,0,,0,,0,,0,,0,,0,0.00,0,0,0,0,0.00,0,26,2,0,0,0,0,0.21667,21,13,0,,0,0.00,0,0,,,0.00,0,0.00,0.00,0
2025-09-16,671890389960,商品,云米家用净水器ro反渗透净水机Super Y1200G管线机前置过滤器套餐,13340,63,122.60,0.00472,1.95,9.19,0.00,0,0.00,0,0.00,0,0.00,0.00,0.00,0,0,0,0,0.00,,4,1,3,0.06349,1,0,,5,24.52,5,24.52,1,122.60,0.01587,30.65,0,0.00,1,0,0,0,0.00,0,131,62,54,0.87097,0,0,0.00982,17,2,0,,0,0.00,0,0,,,4.56,20,0.00,0.00,0
2025-09-16,656747298911,商品,云米10公斤超薄滚筒洗衣机除菌家用全自动洗烘干一体机Super2S,89,1,0.73,0.01124,0.73,8.20,0.00,0,0.00,0,0.00,0,0.00,0.00,0.00,0,0,0,0,0.00,,0,0,0,0,0,0,,0,,0,,0,,0,,0,0.00,0,0,0,0,0.00,0,1,1,1,1,0,0,0.01124,0,1,0,,0,0.00,0,0,,,0.00,1,0.00,0.00,0
2025-09-16,655513921354,商品,【超值套装】云米油烟机家用大吸力侧吸抽油烟机厨房净油烟旗舰店,588,21,77.24,0.03571,3.68,131.36,0.00,0,0.00,0,0.00,0,0.00,0.00,0.00,0,0,0,0,0.00,,1,1,0,0.04762,0,0,,1,77.24,1,77.24,0,,0,77.24,0,0.00,0,0,0,0,0.00,0,46,19,12,0.63158,0,0,0.07823,24,2,0,,0,0.00,0,0,,,16.38,42,0.00,0.00,0
2025-09-16,628098391023,商品,[超薄嵌入]云米滚筒洗衣机10公斤大容量全自动家用洗烘一体机m1,102,4,2.13,0.03922,0.53,20.88,0.00,0,0.00,0,0.00,0,0.00,2599.00,2599.00,1,0,1,0.25,1220.19,2.13,0,0,0,0,0,0,,0,,0,,0,,0,,1,3999.00,0,0,0,0,0.00,1,21,4,4,1,0,0,0.20588,17,5,1,1,0,0.00,0,1,1,2599.00,0.00,92,0.00,0.00,0
2025-09-16,625597690034,商品,云米净水器小蓝调600G+反渗透RO净水机家用直饮厨房已接入米家APP,1550,85,441.60,0.05484,5.20,284.90,0.00,0,0.00,0,0.00,0,5394.00,0.00,5394.00,6,6,0,0.07059,12.21,73.60,14,13,1,0.16471,1,0,,15,29.44,15,29.44,1,441.60,0.01176,31.54,10,24990.00,1,0,0,0,0.00,10,263,72,57,0.79167,0,0,0.16968,176,4,5,1,0,0.00,0,5,1,1078.80,951.75,941,0.00,0.00,0
2025-09-16,622906064684,商品,云米蓝调2节能燃气热水器13L智能恒温家用洗澡防冻已接入米家APP,9137,137,158.81,0.01499,1.16,17.38,0.00,0,0.00,0,0.00,0,0.00,0.00,0.00,0,0,0,0,0.00,,2,1,1,0.0146,1,0,,3,52.94,3,52.94,1,158.81,0.0073,79.41,0,0.00,0,1,0,0,0.00,2,298,119,91,0.76471,0,0,0.03261,62,3,0,,0,0.00,0,0,,,0.00,71,0.00,0.00,0
2025-09-16,618018564033,商品,云米智能马桶泡沫盾座便器虹吸座圈恒温小鲸鱼2正品官方旗舰店,0,0,0.00,,,,0.00,0,0.00,0,0.00,0,0.00,0.00,0.00,0,0,0,,,,0,0,0,,0,0,,0,,0,,0,,,,0,0.00,0,0,0,0,0.00,0,0,0,0,,,0,,0,,0,,0,0.00,0,0,,,0.00,0,0.00,0.00,0
2025-09-16,608854445255,商品,云米燃气热水器家用洗澡16升恒温零冷水天然气热水器Zero,406,6,13.12,0.01478,2.19,32.32,0.00,0,0.00,0,0.00,0,0.00,0.00,0.00,0,0,0,0,0.00,,1,0,1,0.16667,0,0,,1,13.12,1,13.12,0,,0,13.12,0,0.00,0,0,0,0,0.00,0,11,6,5,0.83333,0,0,0.02709,5,2,0,,0,0.00,0,0,,,0.00,6,0.00,0.00,0
2025-09-16,606905855126,商品,云米Air电热水器扁桶双胆家用小户型速热储水式洗澡即热智控60升,2117,12,30.61,0.00567,2.55,14.46,0.00,0,0.00,0,0.00,0,799.00,0.00,799.00,1,1,0,0.08333,26.10,30.61,0,0,0,0,0,0,,0,,0,,0,,0,,1,4999.00,0,0,0,0,0.00,0,27,9,4,0.44444,0,0,0.01275,13,3,1,1,0,0.00,0,1,1,799.00,0.00,47,0.00,0.00,0
2025-09-16,604198801818,商品,【旗舰爆款】云米厨房垃圾处理器家用厨余垃圾粉碎机厨余搅碎机,251,22,90.86,0.08765,4.13,361.99,0.00,0,0.00,0,0.00,0,0.00,0.00,0.00,0,0,0,0,0.00,,3,3,0,0.13636,0,0,,3,30.29,3,30.29,0,,0,30.29,0,0.00,0,0,0,0,0.00,1,37,21,20,0.95238,0,0,0.14741,15,2,0,,0,0.00,0,0,,,15.94,32,0.00,0.00,0
2025-09-16,578994373748,商品,云米电热水器1A热水器洗澡家用60升速热一级能效节能省电电热水器,789,8,15.18,0.01014,1.90,19.24,0.00,0,0.00,0,0.00,0,0.00,0.00,0.00,0,0,0,0,0.00,,0,0,0,0,0,0,,0,,0,,0,,0,,0,0.00,0,0,0,0,0.00,1,12,6,3,0.5,0,0,0.01521,4,2,0,,0,0.00,0,0,,,0.00,0,0.00,0.00,0
2025-09-15,968448838463,商品,云米鲲鹏净热净水器直饮家用净水加热一体MR1051R复合一体芯RO膜,2889,130,50.00,0.045,0.38,17.31,0.00,0,0.00,0,0.00,0,0.00,0.00,0.00,0,0,0,0,0.00,,0,0,0,0,3,0,,3,16.67,3,16.67,3,16.67,0.02308,,0,0.00,3,0,0,0,0.00,0,176,124,109,0.87903,0,0,0.06092,21,1,0,,0,0.00,0,0,,,0.00,167,0.00,0.00,0
2025-09-15,962045858112,商品,[政府补贴]云米白富镁净水器昆仑4Pro弱碱反渗透RO膜直饮弱碱矿泉,12795,325,1122.88,0.0254,3.46,87.76,0.00,0,0.00,0,0.00,0,0.00,10.00,10.00,10,0,10,0.03077,0.01,112.29,20,14,6,0.06154,22,3,374.29,45,24.95,42,26.74,25,51.04,0.06769,56.14,13,7607.00,20,2,0,0,0.00,11,894,298,242,0.81208,0,0,0.06987,465,3,1,1,0,0.00,0,1,10,10.00,29.48,445,0.00,0.00,0
2025-09-15,943337811298,商品,云米掌静脉智能门锁猫眼大屏人脸识别家用指纹锁电子锁蓝调2a pro,4389,73,230.58,0.01663,3.16,52.54,0.00,0,0.00,0,0.00,0,0.00,582.00,582.00,1,0,1,0.0137,2.52,230.58,2,2,0,0.0274,0,0,,2,115.29,2,115.29,0,,0,115.29,1,582.00,0,0,0,0,0.00,4,163,68,51,0.75,0,0,0.03714,78,2,0,0,0,0.00,0,1,1,582.00,19.54,183,0.00,0.00,0
2025-09-15,935542865349,商品,云米昆仑4Pro弱碱净水器矿物质水1400G家用厨下直饮母婴APP智控,12964,206,553.35,0.01589,2.69,42.68,0.00,0,0.00,0,0.00,0,0.00,0.00,0.00,0,0,0,0,0.00,,16,13,3,0.07767,16,1,553.35,33,16.77,32,17.29,17,34.58,0.07767,34.58,0,0.00,16,0,0,0,0.00,5,464,178,133,0.74719,0,0,0.03579,197,3,0,,0,0.00,0,0,,,0.00,393,0.00,0.00,0
2025-09-15,928309516277,商品,云米鲲鹏Pro抽油烟机28m?大吸力厨房顶吸式家用新款以旧换新补贴,10974,113,302.23,0.0103,2.67,27.54,0.00,0,0.00,0,0.00,0,0.00,299.00,299.00,1,0,1,0.00885,0.99,302.23,5,1,4,0.04425,2,0,,7,43.18,7,43.18,2,151.12,0.0177,60.45,3,7297.00,1,1,0,0,0.00,8,384,90,71,0.78889,0,0,0.03499,216,4,1,1,0,0.00,0,1,1,299.00,3.33,300,0.00,0.00,0
2025-09-15,917091926716,商品,云米昆仑4矿泉制冰净水器制冷即热冰块一体直饮水家用台式净饮机,2174,38,100.00,0.01748,2.63,46.00,0.00,0,0.00,0,0.00,0,0.00,0.00,0.00,0,0,0,0,0.00,,0,0,0,0,1,0,,1,100.00,1,100.00,1,100.00,0.02632,,0,0.00,1,0,0,0,0.00,2,62,34,26,0.76471,0,0,0.02852,24,2,0,,0,0.00,0,0,,,0.00,23,0.00,0.00,0
2025-09-15,913043253833,商品,云米大黑翼24m?油烟机大吸力顶侧三吸吸油烟家用抽油烟机自清洁,9881,55,49.75,0.00557,0.90,5.03,0.00,0,0.00,0,0.00,0,0.00,0.00,0.00,0,0,0,0,0.00,,2,2,0,0.03636,0,0,,2,24.88,2,24.88,0,,0,24.88,0,0.00,0,0,0,0,0.00,1,188,78,72,0.92308,0,0,0.01903,22,2,0,,0,0.00,0,0,,,0.00,13,0.00,0.00,0
2025-09-15,902116631708,商品,云米矿泉台式净饮机即热式饮水机直饮家用矿化加热一体机净水器,5615,114,292.28,0.0203,2.56,52.05,0.00,0,0.00,0,0.00,0,0.00,0.00,0.00,0,0,0,0,0.00,,7,6,1,0.0614,0,0,,7,41.75,7,41.75,0,,0,41.75,0,0.00,0,0,0,0,0.00,3,236,89,81,0.91011,0,0,0.04203,80,3,0,,0,0.00,0,0,,,0.00,242,0.00,0.00,0
2025-09-15,884624431355,商品,云米智能门锁家用密码锁指纹锁电子门锁防盗门正品官方旗舰店正品,3690,76,209.24,0.0206,2.75,56.70,0.00,0,0.00,0,0.00,0,0.00,729.00,729.00,1,0,1,0.01316,3.48,209.24,7,6,1,0.09211,2,0,,9,23.25,9,23.25,2,104.62,0.02632,29.89,1,2999.00,2,0,0,0,0.00,3,175,67,44,0.65672,0,0,0.04743,85,3,1,1,0,0.00,0,1,1,729.00,83.00,365,0.00,0.00,0
2025-09-15,876096115017,商品,云米智能门锁猫眼可视指纹锁防盗门家用密码锁蓝调2a pro电子锁,10030,157,311.92,0.01565,1.99,31.10,0.00,0,0.00,0,0.00,0,899.00,1998.00,2897.00,3,1,2,0.01911,9.29,103.97,13,6,7,0.0828,5,0,,18,17.33,18,17.33,5,62.38,0.03185,23.99,4,6296.00,4,1,0,0,0.00,10,411,151,125,0.82781,0,0,0.04098,224,3,3,1,0,0.00,0,3,1,965.67,426.14,1751,0.00,0.00,0
2025-09-15,867339045616,商品,云米智能马桶零压冲水脚踢感应翻盖泡沫盾小鲸鱼2pro官方旗舰店,1690,28,100.00,0.01657,3.57,59.17,0.00,0,0.00,0,0.00,0,0.00,0.00,0.00,0,0,0,0,0.00,,0,0,0,0,0,0,,0,,0,,0,,0,,0,0.00,0,0,0,0,0.00,1,43,28,26,0.92857,0,0,0.02544,6,2,0,,0,0.00,0,0,,,0.00,4,0.00,0.00,0
2025-09-15,859596092874,商品,云米智能门锁3D人脸智能门锁电子指纹锁家用防盗密码锁蓝调2a pro,5234,151,457.69,0.02885,3.03,87.45,0.00,0,0.00,0,0.00,0,1798.00,0.00,1798.00,2,2,0,0.01325,3.93,228.85,8,6,2,0.05298,6,0,,14,32.69,14,32.69,6,76.28,0.03974,57.21,2,3198.00,6,0,0,0,0.00,8,337,169,147,0.86982,0,0,0.06439,113,2,2,1,0,0.00,0,2,1,899.00,15.24,1330,0.00,0.00,0
2025-09-15,839274619649,商品,云米昆仑3Pro矿泉即热净水器1000G鲜热净饮机母婴直饮RO膜反渗透,2781,53,70.84,0.01906,1.34,25.47,0.00,0,0.00,0,0.00,0,0.00,0.00,0.00,0,0,0,0,0.00,,0,0,0,0,0,1,70.84,1,70.84,0,,1,,0,,0,0.00,0,0,0,0,0.00,4,174,65,61,0.93846,0,0,0.06257,33,3,0,,0,0.00,0,0,,,0.00,13,0.00,0.00,0
2025-09-15,837518155964,商品,[1.11洗净比]云米洗衣机滚筒家用全自动超薄10kg大容量[除菌除螨],8,0,0.00,0,,0.00,0.00,0,0.00,0,0.00,0,0.00,0.00,0.00,0,0,0,,,,0,0,0,,0,0,,0,,0,,0,,,,0,0.00,0,0,0,0,0.00,0,0,0,0,,,0,0,0,,0,,0,0.00,0,0,,,0.00,0,0.00,0.00,0
2025-09-15,831641379841,商品,云米昆仑Super 2E 1000G矿泉净水器RO膜厨房自来水过滤器矿物质,714,14,77.39,0.01961,5.53,108.39,0.00,0,0.00,0,0.00,0,0.00,0.00,0.00,0,0,0,0,0.00,,0,0,0,0,0,0,,0,,0,,0,,0,,0,0.00,0,0,0,0,0.00,0,98,13,8,0.61538,0,0,0.13725,84,8,0,,0,0.00,0,0,,,0.00,9,0.00,0.00,0
2025-09-15,828385611984,商品,云米热水器家用电热水器储水式卫生间洗澡速热出租房用50升X1,241,6,14.23,0.0249,2.37,59.05,0.00,0,0.00,0,0.00,0,0.00,0.00,0.00,0,0,0,0,0.00,,0,0,0,0,0,0,,0,,0,,0,,0,,0,0.00,0,0,0,0,0.00,0,32,6,5,0.83333,0,0,0.13278,26,5,0,,0,0.00,0,0,,,0.00,0,0.00,0.00,0
2025-09-15,825323478418,商品,云米鲲鹏油烟机家用厨房大吸力大风量抽油烟机单烟机,25,2,9.30,0.08,4.65,372.00,0.00,0,0.00,0,0.00,0,0.00,0.00,0.00,0,0,0,0,0.00,,1,1,0,0.5,0,0,,1,9.30,1,9.30,0,,0,9.30,0,0.00,0,0,0,0,0.00,0,17,2,2,1,0,0,0.68,15,9,0,,0,0.00,0,0,,,0.00,25,0.00,0.00,0
2025-09-15,766129700011,商品,云米智能门锁人脸识别猫眼大屏指纹密码锁防盗家用智能锁Super2Y,13682,150,280.43,0.01096,1.87,20.50,0.00,0,0.00,0,0.00,0,0.00,0.00,0.00,0,0,0,0,0.00,,6,4,2,0.04,0,0,,6,46.74,6,46.74,0,,0,46.74,2,6321.00,0,0,0,0,0.00,6,289,136,116,0.85294,0,0,0.02112,139,2,0,,0,0.00,0,0,,,32.48,195,0.00,0.00,0
2025-09-15,743595234042,商品,云米滚筒洗衣机12KG超薄直驱全自动家用大容量洗烘一体Super 2Max,81,4,2.20,0.04938,0.55,27.16,0.00,0,0.00,0,0.00,0,0.00,0.00,0.00,0,0,0,0,0.00,,0,0,0,0,0,0,,0,,0,,0,,0,,0,0.00,0,0,0,0,0.00,0,4,4,3,0.75,0,0,0.04938,0,1,0,,0,0.00,0,0,,,0.00,1,0.00,0.00,0
2025-09-15,714696231559,商品,以旧换新补贴云米冰箱十字门大容量超薄零嵌入式冰箱风冷无霜500,4621,76,48.32,0.01645,0.64,10.46,0.00,0,0.00,0,0.00,0,0.00,0.00,0.00,0,0,0,0,0.00,,4,2,2,0.05263,4,0,,8,6.04,8,6.04,4,12.08,0.05263,12.08,0,0.00,2,2,0,0,0.00,0,89,58,43,0.74138,0,0,0.01926,12,2,0,,0,0.00,0,0,,,0.00,49,0.00,0.00,0
2025-09-15,679863140859,商品,云米super油烟机厨房家用24m?大吸力大风量抽烟机顶侧三吸旗舰店,85,1,2.83,0.01176,2.83,33.29,0.00,0,0.00,0,0.00,0,0.00,0.00,0.00,0,0,0,0,0.00,,0,0,0,0,0,0,,0,,0,,0,,0,,0,0.00,0,0,0,0,0.00,0,1,1,0,0,0,0,0.01176,0,1,0,,0,0.00,0,0,,,0.00,7,0.00,0.00,0
2025-09-15,678410193065,商品,云米小蓝调电热水器60升3200W家用租房卫生间洗澡速热一级能效,419,5,19.28,0.01193,3.86,46.01,0.00,0,0.00,0,0.00,0,0.00,0.00,0.00,0,0,0,0,0.00,,0,0,0,0,0,0,,0,,0,,0,,0,,0,0.00,0,0,0,0,0.00,0,7,3,3,1,0,0,0.01671,2,2,0,,0,0.00,0,0,,,0.00,3,0.00,0.00,0
2025-09-15,678371690118,商品,云米电热水器50L升3200W家用速热触摸屏控制小蓝调,189,3,5.94,0.01587,1.98,31.43,0.00,0,0.00,0,0.00,0,0.00,0.00,0.00,0,0,0,0,0.00,,0,0,0,0,0,0,,0,,0,,0,,0,,0,0.00,0,0,0,0,0.00,0,5,3,2,0.66667,0,0,0.02646,2,2,0,,0,0.00,0,0,,,0.00,5,0.00,0.00,0
2025-09-15,671890389960,商品,云米家用净水器ro反渗透净水机Super Y1200G管线机前置过滤器套餐,912,10,102.31,0.01096,10.23,112.18,0.00,0,0.00,0,0.00,0,0.00,0.00,0.00,0,0,0,0,0.00,,1,1,0,0.1,0,2,51.16,3,34.10,1,102.31,2,,0,102.31,0,0.00,0,0,0,0,0.00,2,93,9,5,0.55556,0,0,0.10197,84,10,0,,0,0.00,0,0,,,0.16,69,0.00,0.00,0
2025-09-15,656747298911,商品,云米10公斤超薄滚筒洗衣机除菌家用全自动洗烘干一体机Super2S,198,6,3.66,0.0303,0.61,18.48,0.00,0,0.00,0,0.00,0,0.00,0.00,0.00,0,0,0,0,0.00,,0,0,0,0,0,0,,0,,0,,0,,0,,0,0.00,0,0,0,0,0.00,0,11,6,5,0.83333,0,0,0.05556,5,2,0,,0,0.00,0,0,,,0.00,2,0.00,0.00,0
2025-09-15,655513921354,商品,【超值套装】云米油烟机家用大吸力侧吸抽油烟机厨房净油烟旗舰店,401,8,42.26,0.01995,5.28,105.39,0.00,0,0.00,0,0.00,0,0.00,0.00,0.00,0,0,0,0,0.00,,0,0,0,0,0,0,,0,,0,,0,,0,,0,0.00,0,0,0,0,0.00,0,13,7,3,0.42857,0,0,0.03242,4,2,0,,0,0.00,0,0,,,0.00,9,0.00,0.00,0
2025-09-15,625597690034,商品,云米净水器小蓝调600G+反渗透RO净水机家用直饮厨房已接入米家APP,1472,86,453.32,0.05842,5.27,307.96,0.00,0,0.00,0,0.00,0,5524.00,0.00,5524.00,6,6,0,0.06977,12.19,75.55,3,2,1,0.03488,3,1,453.32,7,64.76,6,75.55,4,151.11,0.03488,151.11,11,27489.00,3,0,0,0,0.00,12,230,62,38,0.6129,0,0,0.15625,143,4,5,1,0,0.00,0,5,1,1104.80,999.45,1542,0.00,0.00,0
2025-09-15,622906064684,商品,云米蓝调2节能燃气热水器13L智能恒温家用洗澡防冻已接入米家APP,6105,64,94.54,0.01048,1.48,15.49,0.00,0,0.00,0,0.00,0,0.00,0.00,0.00,0,0,0,0,0.00,,2,1,1,0.03125,0,0,,2,47.27,2,47.27,0,,0,47.27,0,0.00,0,0,0,0,0.00,2,126,62,47,0.75806,0,0,0.02064,39,2,0,,0,0.00,0,0,,,386.18,216,0.00,0.00,0
2025-09-15,618018564033,商品,云米智能马桶泡沫盾座便器虹吸座圈恒温小鲸鱼2正品官方旗舰店,3,1,3.60,0.33333,3.60,1200.00,0.00,0,0.00,0,0.00,0,0.00,0.00,0.00,0,0,0,0,0.00,,0,0,0,0,0,0,,0,,0,,0,,0,,0,0.00,0,0,0,0,0.00,1,6,1,1,1,0,0,2,5,6,0,,0,0.00,0,0,,,3.33,2,0.00,0.00,0
2025-09-15,608854445255,商品,云米燃气热水器家用洗澡16升恒温零冷水天然气热水器Zero,303,5,12.94,0.0165,2.59,42.71,0.00,0,0.00,0,0.00,0,0.00,0.00,0.00,0,0,0,0,0.00,,0,0,0,0,0,0,,0,,0,,0,,0,,0,0.00,0,0,0,0,0.00,0,24,4,2,0.5,0,0,0.07921,19,6,0,,0,0.00,0,0,,,0.00,7,0.00,0.00,0
2025-09-15,606905855126,商品,云米Air电热水器扁桶双胆家用小户型速热储水式洗澡即热智控60升,1415,12,16.54,0.00848,1.38,11.69,0.00,0,0.00,0,0.00,0,0.00,0.00,0.00,0,0,0,0,0.00,,0,0,0,0,1,0,,1,16.54,1,16.54,1,16.54,0.08333,,0,0.00,1,0,0,0,0.00,0,29,10,9,0.9,0,0,0.02049,13,3,0,,0,0.00,0,0,,,0.00,22,0.00,0.00,0
2025-09-15,604198801818,商品,【旗舰爆款】云米厨房垃圾处理器家用厨余垃圾粉碎机厨余搅碎机,140,14,46.88,0.1,3.35,334.86,0.00,0,0.00,0,0.00,0,0.00,0.00,0.00,0,0,0,0,0.00,,1,1,0,0.07143,0,0,,1,46.88,1,46.88,0,,0,46.88,0,0.00,0,0,0,0,0.00,1,18,13,10,0.76923,0,0,0.12857,4,1,0,,0,0.00,0,0,,,3.64,221,0.00,0.00,0
2025-09-15,578994373748,商品,云米电热水器1A热水器洗澡家用60升速热一级能效节能省电电热水器,1106,11,24.19,0.00995,2.20,21.87,0.00,0,0.00,0,0.00,0,0.00,0.00,0.00,0,0,0,0,0.00,,0,0,0,0,0,0,,0,,0,,0,,0,,0,0.00,0,0,0,0,0.00,0,27,8,5,0.625,0,0,0.02441,15,3,0,,0,0.00,0,0,,,0.00,2,0.00,0.00,0
2025-09-14,968448838463,商品,云米鲲鹏净热净水器直饮家用净水加热一体MR1051R复合一体芯RO膜,1629,121,48.82,0.07428,0.40,29.97,0.00,0,0.00,0,0.00,0,0.00,0.00,0.00,0,0,0,0,0.00,,0,0,0,0,1,1,48.82,2,24.41,1,48.82,2,48.82,0.00826,,0,0.00,1,0,0,0,0.00,0,167,118,105,0.88983,0,0,0.10252,24,1,0,,0,0.00,0,0,,,0.00,171,0.00,0.00,0
2025-09-14,962045858112,商品,[政府补贴]云米白富镁净水器昆仑4Pro弱碱反渗透RO膜直饮弱碱矿泉,10014,254,1110.01,0.02536,4.37,110.85,0.00,0,0.00,0,0.00,0,0.00,0.00,0.00,0,0,0,0,0.00,,23,21,2,0.09055,15,3,370.00,41,27.07,38,29.21,18,74.00,0.05906,48.26,1,6999.00,14,1,0,0,0.00,12,688,246,204,0.82927,0,0,0.0687,385,3,0,,0,0.00,0,0,,,3.40,987,0.00,0.00,0
2025-09-14,943337811298,商品,云米掌静脉智能门锁猫眼大屏人脸识别家用指纹锁电子锁蓝调2a pro,3657,59,200.59,0.01613,3.40,54.85,0.00,0,0.00,0,0.00,0,1249.00,899.00,2148.00,2,1,1,0.0339,10.71,100.30,1,0,1,0.01695,2,0,,3,66.86,3,66.86,2,100.30,0.0339,200.59,2,3298.00,2,0,0,0,0.00,5,147,58,45,0.77586,0,0,0.0402,80,3,2,1,0,0.00,0,2,1,1074.00,420.68,1527,0.00,0.00,0
2025-09-14,935542865349,商品,云米昆仑4Pro弱碱净水器矿物质水1400G家用厨下直饮母婴APP智控,11471,209,599.74,0.01822,2.87,52.28,0.00,0,0.00,0,0.00,0,0.00,0.00,0.00,0,0,0,0,0.00,,20,20,0,0.09569,10,0,,30,19.99,30,19.99,10,59.97,0.04785,29.99,1,6299.00,10,0,0,0,0.00,5,563,214,168,0.78505,0,0,0.04908,208,3,0,,0,0.00,0,0,,,0.00,174,0.00,0.00,0
2025-09-14,928309516277,商品,云米鲲鹏Pro抽油烟机28m?大吸力厨房顶吸式家用新款以旧换新补贴,15808,136,307.81,0.0086,2.26,19.47,0.00,0,0.00,0,0.00,0,2711.00,2798.00,5509.00,3,1,2,0.02206,17.90,102.60,3,1,2,0.02206,1,0,,4,76.95,4,76.95,1,307.81,0.00735,102.60,3,9197.00,1,0,0,0,0.00,5,438,143,119,0.83217,0,0,0.02771,258,3,1,1,0,0.00,0,1,3,5509.00,0.00,1228,0.00,0.00,0
2025-09-14,917091926716,商品,云米昆仑4矿泉制冰净水器制冷即热冰块一体直饮水家用台式净饮机,1424,45,100.00,0.0316,2.22,70.22,0.00,0,0.00,0,0.00,0,0.00,0.00,0.00,0,0,0,0,0.00,,1,1,0,0.02222,1,0,,2,50.00,2,50.00,1,100.00,0.02222,100.00,0,0.00,1,0,0,0,0.00,2,77,41,34,0.82927,0,0,0.05407,33,2,0,,0,0.00,0,0,,,0.00,67,0.00,0.00,0
2025-09-14,913043253833,商品,云米大黑翼24m?油烟机大吸力顶侧三吸吸油烟家用抽油烟机自清洁,9948,53,42.48,0.00533,0.80,4.27,0.00,0,0.00,0,0.00,0,0.00,0.00,0.00,0,0,0,0,0.00,,2,1,1,0.03774,0,1,42.48,3,14.16,2,21.24,1,,0,21.24,0,0.00,0,0,0,0,0.00,1,200,77,69,0.8961,0,0,0.0201,30,3,0,,0,0.00,0,0,,,404.16,96,0.00,0.00,0
2025-09-14,902116631708,商品,云米矿泉台式净饮机即热式饮水机直饮家用矿化加热一体机净水器,8557,253,300.00,0.02957,1.19,35.06,0.00,0,0.00,0,0.00,0,0.00,0.00,0.00,0,0,0,0,0.00,,7,5,2,0.02767,2,0,,9,33.33,9,33.33,2,150.00,0.00791,42.86,0,0.00,2,0,0,0,0.00,0,556,180,171,0.95,0,0,0.06498,48,3,0,,0,0.00,0,0,,,0.00,334,0.00,0.00,0
2025-09-14,884624431355,商品,云米智能门锁家用密码锁指纹锁电子门锁防盗门正品官方旗舰店正品,4695,81,211.43,0.01725,2.61,45.03,0.00,0,0.00,0,0.00,0,999.00,0.00,999.00,1,1,0,0.01235,4.72,211.43,4,4,0,0.04938,2,0,,6,35.24,6,35.24,2,105.72,0.02469,52.86,1,1499.00,2,0,0,0,0.00,5,156,74,62,0.83784,0,0,0.03323,56,2,1,1,0,0.00,0,1,1,999.00,196.14,636,0.00,0.00,0
2025-09-14,876096115017,商品,云米智能门锁猫眼可视指纹锁防盗门家用密码锁蓝调2a pro电子锁,4554,113,409.66,0.02481,3.63,89.96,0.00,0,0.00,0,0.00,0,899.00,899.00,1798.00,2,1,1,0.0177,4.39,204.83,8,8,0,0.0708,6,0,,14,29.26,14,29.26,6,68.28,0.0531,51.21,5,7295.00,6,0,0,0,0.00,4,213,102,89,0.87255,0,0,0.04677,70,2,2,1,0,0.00,0,2,1,899.00,193.00,1621,0.00,0.00,0
2025-09-14,867339045616,商品,云米智能马桶零压冲水脚踢感应翻盖泡沫盾小鲸鱼2pro官方旗舰店,1819,32,100.00,0.01759,3.13,54.98,0.00,0,0.00,0,0.00,0,0.00,0.00,0.00,0,0,0,0,0.00,,0,0,0,0,0,0,,0,,0,,0,,0,,0,0.00,0,0,0,0,0.00,1,37,31,28,0.90323,0,0,0.02034,6,1,0,,0,0.00,0,0,,,0.00,5,0.00,0.00,0
2025-09-14,859596092874,商品,云米智能门锁3D人脸智能门锁电子指纹锁家用防盗密码锁蓝调2a pro,7601,157,458.98,0.02066,2.92,60.38,0.00,0,0.00,0,0.00,0,899.00,0.00,899.00,1,1,0,0.00637,1.96,458.98,10,4,6,0.06369,3,0,,13,35.31,13,35.31,3,152.99,0.01911,45.90,3,4797.00,3,0,0,0,0.00,9,351,158,131,0.82911,0,0,0.04618,159,2,1,1,0,0.00,0,1,1,899.00,58.45,1254,0.00,0.00,0
2025-09-14,839274619649,商品,云米昆仑3Pro矿泉即热净水器1000G鲜热净饮机母婴直饮RO膜反渗透,1701,34,51.93,0.01999,1.53,30.53,0.00,0,0.00,0,0.00,0,0.00,0.00,0.00,0,0,0,0,0.00,,0,0,0,0,0,0,,0,,0,,0,,0,,0,0.00,0,0,0,0,0.00,1,103,37,32,0.86486,0,0,0.06055,43,3,0,,0,0.00,0,0,,,0.00,9,0.00,0.00,0
2025-09-14,831641379841,商品,云米昆仑Super 2E 1000G矿泉净水器RO膜厨房自来水过滤器矿物质,659,14,80.85,0.02124,5.78,122.69,0.00,0,0.00,0,0.00,0,0.00,0.00,0.00,0,0,0,0,0.00,,0,0,0,0,0,0,,0,,0,,0,,0,,0,0.00,0,0,0,0,0.00,0,31,12,9,0.75,0,0,0.04704,17,3,0,,0,0.00,0,0,,,0.00,13,0.00,0.00,0
2025-09-14,828385611984,商品,云米热水器家用电热水器储水式卫生间洗澡速热出租房用50升X1,562,6,9.47,0.01068,1.58,16.85,0.00,0,0.00,0,0.00,0,0.00,0.00,0.00,0,0,0,0,0.00,,1,1,0,0.16667,0,0,,1,9.47,1,9.47,0,,0,9.47,0,0.00,0,0,0,0,0.00,2,47,6,6,1,0,0,0.08363,41,8,0,,0,0.00,0,0,,,0.00,59,0.00,0.00,0
2025-09-14,825323478418,商品,云米鲲鹏油烟机家用厨房大吸力大风量抽油烟机单烟机,34,0,0.00,0,,0.00,0.00,0,0.00,0,0.00,0,0.00,0.00,0.00,0,0,0,,,,0,0,0,,0,0,,0,,0,,0,,,,0,0.00,0,0,0,0,0.00,0,0,0,0,,,0,0,0,,0,,0,0.00,0,0,,,0.00,0,0.00,0.00,0
2025-09-14,766129700011,商品,云米智能门锁人脸识别猫眼大屏指纹密码锁防盗家用智能锁Super2Y,17631,162,301.71,0.00919,1.86,17.11,0.00,0,0.00,0,0.00,0,999.00,0.00,999.00,1,1,0,0.00617,3.31,301.71,2,2,0,0.01235,5,0,,7,43.10,7,43.10,5,60.34,0.03086,150.86,1,1599.00,5,0,0,0,0.00,1,322,150,126,0.84,0,0,0.01826,152,2,1,1,0,0.00,0,1,1,999.00,628.48,1078,0.00,0.00,0
2025-09-14,743595234042,商品,云米滚筒洗衣机12KG超薄直驱全自动家用大容量洗烘一体Super 2Max,468,5,3.41,0.01068,0.68,7.29,0.00,0,0.00,0,0.00,0,0.00,0.00,0.00,0,0,0,0,0.00,,0,0,0,0,0,0,,0,,0,,0,,0,,0,0.00,0,0,0,0,0.00,0,9,5,5,1,0,0,0.01923,4,2,0,,0,0.00,0,0,,,0.00,7,0.00,0.00,0
2025-09-14,714696231559,商品,以旧换新补贴云米冰箱十字门大容量超薄零嵌入式冰箱风冷无霜500,3869,61,50.00,0.01577,0.82,12.92,0.00,0,0.00,0,0.00,0,0.00,0.00,0.00,0,0,0,0,0.00,,4,3,1,0.06557,4,0,,8,6.25,8,6.25,4,12.50,0.06557,12.50,0,0.00,2,2,0,0,0.00,0,82,48,37,0.77083,0,0,0.02119,19,2,0,,0,0.00,0,0,,,0.00,69,0.00,0.00,0
2025-09-14,679863140859,商品,云米super油烟机厨房家用24m?大吸力大风量抽烟机顶侧三吸旗舰店,153,1,0.44,0.00654,0.44,2.88,0.00,0,0.00,0,0.00,0,0.00,0.00,0.00,0,0,0,0,0.00,,0,0,0,0,0,0,,0,,0,,0,,0,,0,0.00,0,0,0,0,0.00,0,3,1,1,1,0,0,0.01961,2,3,0,,0,0.00,0,0,,,0.00,0,0.00,0.00,0
2025-09-14,678410193065,商品,云米小蓝调电热水器60升3200W家用租房卫生间洗澡速热一级能效,842,4,10.42,0.00475,2.61,12.38,0.00,0,0.00,0,0.00,0,0.00,0.00,0.00,0,0,0,0,0.00,,1,0,1,0.25,0,0,,1,10.42,1,10.42,0,,0,10.42,0,0.00,0,0,0,0,0.00,0,15,4,4,1,0,0,0.01781,11,4,0,,0,0.00,0,0,,,0.00,84,0.00,0.00,0
2025-09-14,678371690118,商品,云米电热水器50L升3200W家用速热触摸屏控制小蓝调,287,0,0.00,0,,0.00,0.00,0,0.00,0,0.00,0,0.00,0.00,0.00,0,0,0,,,,0,0,0,,0,0,,0,,0,,0,,,,0,0.00,0,0,0,0,0.00,0,0,0,0,,,0,0,0,,0,,0,0.00,0,0,,,0.00,0,0.00,0.00,0
2025-09-14,671890389960,商品,云米家用净水器ro反渗透净水机Super Y1200G管线机前置过滤器套餐,1221,27,143.37,0.02211,5.31,117.42,0.00,0,0.00,0,0.00,0,0.00,896.00,896.00,4,0,4,0.14815,6.25,35.84,7,2,5,0.25926,0,0,,7,20.48,7,20.48,0,,0,20.48,4,896.00,0,0,0,0,0.00,5,111,23,16,0.69565,0,0,0.09091,83,5,1,1,0,0.00,0,1,4,896.00,15.50,45,0.00,0.00,0
2025-09-14,656747298911,商品,云米10公斤超薄滚筒洗衣机除菌家用全自动洗烘干一体机Super2S,3,0,0.00,0,,0.00,0.00,0,0.00,0,0.00,0,0.00,0.00,0.00,0,0,0,,,,0,0,0,,0,0,,0,,0,,0,,,,0,0.00,0,0,0,0,0.00,0,0,0,0,,,0,0,0,,0,,0,0.00,0,0,,,0.00,0,0.00,0.00,0
2025-09-14,655513921354,商品,【超值套装】云米油烟机家用大吸力侧吸抽油烟机厨房净油烟旗舰店,245,10,53.39,0.04082,5.34,217.92,0.00,0,0.00,0,0.00,0,0.00,0.00,0.00,0,0,0,0,0.00,,0,0,0,0,0,0,,0,,0,,0,,0,,0,0.00,0,0,0,0,0.00,0,26,9,6,0.66667,0,0,0.10612,16,3,0,,0,0.00,0,0,,,0.00,2,0.00,0.00,0
2025-09-14,625597690034,商品,云米净水器小蓝调600G+反渗透RO净水机家用直饮厨房已接入米家APP,1915,81,457.35,0.0423,5.65,238.83,0.00,0,0.00,0,0.00,0,2827.00,0.00,2827.00,3,3,0,0.03704,6.18,152.45,13,9,4,0.16049,2,0,,15,30.49,15,30.49,2,228.68,0.02469,35.18,4,8496.00,2,0,0,0,0.00,7,276,64,47,0.73438,0,0,0.14413,191,4,3,1,0,0.00,0,3,1,942.33,1053.22,832,0.00,0.00,0
2025-09-14,622906064684,商品,云米蓝调2节能燃气热水器13L智能恒温家用洗澡防冻已接入米家APP,8340,92,103.00,0.01103,1.12,12.35,0.00,0,0.00,0,0.00,0,0.00,0.00,0.00,0,0,0,0,0.00,,1,1,0,0.01087,0,0,,1,103.00,1,103.00,0,,0,103.00,1,1299.00,0,0,0,0,0.00,3,250,97,82,0.84536,0,0,0.02998,39,3,0,,0,0.00,0,0,,,10.77,104,0.00,0.00,0
2025-09-14,618018564033,商品,云米智能马桶泡沫盾座便器虹吸座圈恒温小鲸鱼2正品官方旗舰店,11,2,3.42,0.18182,1.71,310.91,0.00,0,0.00,0,0.00,0,0.00,0.00,0.00,0,0,0,0,0.00,,1,1,0,0.5,0,0,,1,3.42,1,3.42,0,,0,3.42,0,0.00,0,0,0,0,0.00,0,3,2,2,1,0,0,0.27273,1,2,0,,0,0.00,0,0,,,6.65,15,0.00,0.00,0
2025-09-14,608854445255,商品,云米燃气热水器家用洗澡16升恒温零冷水天然气热水器Zero,702,8,9.95,0.0114,1.24,14.17,0.00,0,0.00,0,0.00,0,0.00,0.00,0.00,0,0,0,0,0.00,,0,0,0,0,0,0,,0,,0,,0,,0,,0,0.00,0,0,0,0,0.00,0,14,8,6,0.75,0,0,0.01994,3,2,0,,0,0.00,0,0,,,0.00,28,0.00,0.00,0
2025-09-14,606905855126,商品,云米Air电热水器扁桶双胆家用小户型速热储水式洗澡即热智控60升,2786,14,10.07,0.00503,0.72,3.61,0.00,0,0.00,0,0.00,0,0.00,0.00,0.00,0,0,0,0,0.00,,0,0,0,0,0,0,,0,,0,,0,,0,,0,0.00,0,0,0,0,0.00,0,64,19,15,0.78947,0,0,0.02297,15,3,0,,0,0.00,0,0,,,0.00,1,0.00,0.00,0
2025-09-14,604198801818,商品,【旗舰爆款】云米厨房垃圾处理器家用厨余垃圾粉碎机厨余搅碎机,115,11,44.32,0.09565,4.03,385.39,0.00,0,0.00,0,0.00,0,0.00,0.00,0.00,0,0,0,0,0.00,,2,2,0,0.18182,0,0,,2,22.16,2,22.16,0,,0,22.16,0,0.00,0,0,0,0,0.00,0,17,11,11,1,0,0,0.14783,5,2,0,,0,0.00,0,0,,,0.18,71,0.00,0.00,0
2025-09-14,578994373748,商品,云米电热水器1A热水器洗澡家用60升速热一级能效节能省电电热水器,1933,14,39.76,0.00724,2.84,20.57,0.00,0,0.00,0,0.00,0,699.00,0.00,699.00,1,1,0,0.07143,17.58,39.76,1,1,0,0.07143,1,0,,2,19.88,2,19.88,1,39.76,0.07143,39.76,2,3998.00,1,0,0,0,0.00,6,71,13,9,0.69231,0,0,0.03673,57,5,1,1,0,0.00,0,1,1,699.00,0.00,635,0.00,0.00,0
2025-09-13,968448838463,商品,云米鲲鹏净热净水器直饮家用净水加热一体MR1051R复合一体芯RO膜,1474,93,48.90,0.06309,0.53,33.18,0.00,0,0.00,0,0.00,0,0.00,0.00,0.00,0,0,0,0,0.00,,1,1,0,0.01075,3,0,,4,12.23,4,12.23,3,16.30,0.03226,48.90,0,0.00,3,0,0,0,0.00,0,136,93,86,0.92473,0,0,0.09227,8,1,0,,0,0.00,0,0,,,0.00,342,0.00,0.00,0
2025-09-13,962045858112,商品,[政府补贴]云米白富镁净水器昆仑4Pro弱碱反渗透RO膜直饮弱碱矿泉,5674,223,1106.73,0.0393,4.96,195.05,0.00,0,0.00,0,0.00,0,0.00,4760.00,4760.00,3,0,3,0.01345,4.30,368.91,27,19,8,0.12108,9,1,1106.73,37,29.91,36,30.74,10,122.97,0.04036,40.99,6,28165.00,9,0,0,0,0.00,19,739,211,167,0.79147,0,0,0.13024,477,4,3,1,1,199.00,1,3,1,1586.67,111.83,1197,0.00,0.00,0
2025-09-13,943337811298,商品,云米掌静脉智能门锁猫眼大屏人脸识别家用指纹锁电子锁蓝调2a pro,3755,46,133.58,0.01225,2.90,35.57,0.00,0,0.00,0,0.00,0,0.00,0.00,0.00,0,0,0,0,0.00,,2,2,0,0.04348,0,0,,2,66.79,2,66.79,0,,0,66.79,0,0.00,0,0,0,0,0.00,0,76,48,40,0.83333,0,0,0.02024,22,2,0,,0,0.00,0,0,,,6.89,153,0.00,0.00,0
2025-09-13,935542865349,商品,云米昆仑4Pro弱碱净水器矿物质水1400G家用厨下直饮母婴APP智控,11739,223,613.83,0.019,2.75,52.29,0.00,0,0.00,0,0.00,0,3239.00,4999.00,8238.00,2,1,1,0.00897,13.42,306.92,30,28,2,0.13453,13,3,204.61,46,13.34,43,14.28,16,47.22,0.0583,20.46,3,19720.00,13,0,0,0,0.00,7,575,224,177,0.79018,0,0,0.04898,228,3,2,1,0,0.00,0,2,1,4119.00,3.38,1305,0.00,0.00,0
2025-09-13,928309516277,商品,云米鲲鹏Pro抽油烟机28m?大吸力厨房顶吸式家用新款以旧换新补贴,9447,114,314.87,0.01207,2.76,33.33,0.00,0,0.00,0,0.00,0,0.00,0.00,0.00,0,0,0,0,0.00,,23,20,3,0.20175,2,0,,25,12.59,25,12.59,2,157.44,0.01754,13.69,0,0.00,2,0,0,0,0.00,6,409,114,87,0.76316,0,0,0.04329,257,4,0,,0,0.00,0,0,,,10.08,393,0.00,0.00,0
2025-09-13,917091926716,商品,云米昆仑4矿泉制冰净水器制冷即热冰块一体直饮水家用台式净饮机,1133,35,100.00,0.03089,2.86,88.26,0.00,0,0.00,0,0.00,0,0.00,0.00,0.00,0,0,0,0,0.00,,3,3,0,0.08571,0,0,,3,33.33,3,33.33,0,,0,33.33,0,0.00,0,0,0,0,0.00,0,62,33,31,0.93939,0,0,0.05472,27,2,0,,0,0.00,0,0,,,0.00,48,0.00,0.00,0
2025-09-13,913043253833,商品,云米大黑翼24m?油烟机大吸力顶侧三吸吸油烟家用抽油烟机自清洁,6920,52,42.93,0.00751,0.83,6.20,0.00,0,0.00,0,0.00,0,0.00,0.00,0.00,0,0,0,0,0.00,,0,0,0,0,0,0,,0,,0,,0,,0,,0,0.00,0,0,0,0,0.00,0,179,79,75,0.94937,0,0,0.02587,17,2,0,,0,0.00,0,0,,,0.00,1,0.00,0.00,0
2025-09-13,902116631708,商品,云米矿泉台式净饮机即热式饮水机直饮家用矿化加热一体机净水器,4837,102,294.48,0.02109,2.89,60.88,0.00,0,0.00,0,0.00,0,0.00,0.00,0.00,0,0,0,0,0.00,,8,8,0,0.07843,0,0,,8,36.81,8,36.81,0,,0,36.81,1,2299.00,0,0,0,0,0.00,4,215,83,75,0.90361,0,0,0.04445,75,3,0,,0,0.00,0,0,,,0.00,320,0.00,0.00,0
2025-09-13,884624431355,商品,云米智能门锁家用密码锁指纹锁电子门锁防盗门正品官方旗舰店正品,3940,79,219.02,0.02005,2.77,55.59,0.00,0,0.00,0,0.00,0,0.00,0.00,0.00,0,0,0,0,0.00,,7,6,1,0.08861,4,0,,11,19.91,11,19.91,4,54.76,0.05063,31.29,0,0.00,4,0,0,0,0.00,3,170,71,50,0.70423,0,0,0.04315,82,2,0,,0,0.00,0,0,,,91.93,258,0.00,0.00,0
2025-09-13,876096115017,商品,云米智能门锁猫眼可视指纹锁防盗门家用密码锁蓝调2a pro电子锁,3703,97,352.55,0.02619,3.63,95.21,0.00,0,0.00,0,0.00,0,0.00,8794.00,8794.00,5,0,5,0.05155,24.94,70.51,7,6,1,0.07216,4,0,,11,32.05,11,32.05,4,88.14,0.04124,50.36,5,21094.00,4,0,0,0,0.00,7,186,90,80,0.88889,0,0,0.05023,68,2,0,0,0,0.00,0,1,5,8794.00,936.65,2466,0.00,0.00,0
2025-09-13,867339045616,商品,云米智能马桶零压冲水脚踢感应翻盖泡沫盾小鲸鱼2pro官方旗舰店,2318,36,100.00,0.01553,2.78,43.14,0.00,0,0.00,0,0.00,0,0.00,0.00,0.00,0,0,0,0,0.00,,0,0,0,0,0,0,,0,,0,,0,,0,,0,0.00,0,0,0,0,0.00,1,46,36,36,1,0,0,0.01984,7,1,0,,0,0.00,0,0,,,0.00,27,0.00,0.00,0
2025-09-13,859596092874,商品,云米智能门锁3D人脸智能门锁电子指纹锁家用防盗密码锁蓝调2a pro,10737,183,566.54,0.01704,3.10,52.77,0.00,0,0.00,0,0.00,0,899.00,4596.00,5495.00,5,1,4,0.02732,9.70,113.31,11,7,4,0.06011,8,0,,19,29.82,19,29.82,8,70.82,0.04372,51.50,5,9095.00,8,0,0,0,0.00,15,371,185,162,0.87568,0,0,0.03455,141,2,4,1,0,0.00,0,4,1,1373.75,606.93,1343,0.00,0.00,0
2025-09-13,839274619649,商品,云米昆仑3Pro矿泉即热净水器1000G鲜热净饮机母婴直饮RO膜反渗透,909,25,41.82,0.0275,1.67,46.01,0.00,0,0.00,0,0.00,0,0.00,1593.00,1593.00,1,0,1,0.04,38.09,41.82,1,1,0,0.04,0,0,,1,41.82,1,41.82,0,,0,41.82,1,2299.00,0,0,0,0,0.00,1,57,25,19,0.76,0,0,0.06271,31,2,1,1,0,0.00,0,1,1,1593.00,0.00,2408,0.00,0.00,0
2025-09-13,831641379841,商品,云米昆仑Super 2E 1000G矿泉净水器RO膜厨房自来水过滤器矿物质,884,14,94.37,0.01584,6.74,106.75,0.00,0,0.00,0,0.00,0,0.00,0.00,0.00,0,0,0,0,0.00,,1,0,1,0.07143,0,0,,1,94.37,1,94.37,0,,0,94.37,0,0.00,0,0,0,0,0.00,0,51,12,11,0.91667,0,0,0.05769,35,4,0,,0,0.00,0,0,,,0.00,16,0.00,0.00,0
2025-09-13,828385611984,商品,云米热水器家用电热水器储水式卫生间洗澡速热出租房用50升X1,236,10,34.11,0.04237,3.41,144.53,0.00,0,0.00,0,0.00,0,0.00,0.00,0.00,0,0,0,0,0.00,,1,0,1,0.1,0,1,34.11,2,17.06,1,34.11,1,,0,34.11,0,0.00,0,0,0,0,0.00,0,43,10,6,0.6,0,0,0.1822,33,4,0,,0,0.00,0,0,,,3.38,12,0.00,0.00,0
2025-09-13,825323478418,商品,云米鲲鹏油烟机家用厨房大吸力大风量抽油烟机单烟机,36,1,0.05,0.02778,0.05,1.39,0.00,0,0.00,0,0.00,0,0.00,0.00,0.00,0,0,0,0,0.00,,0,0,0,0,0,0,,0,,0,,0,,0,,0,0.00,0,0,0,0,0.00,0,1,1,1,1,0,0,0.02778,0,1,0,,0,0.00,0,0,,,0.00,0,0.00,0.00,0
2025-09-13,766129700011,商品,云米智能门锁人脸识别猫眼大屏指纹密码锁防盗家用智能锁Super2Y,11928,122,275.22,0.01023,2.26,23.07,0.00,0,0.00,0,0.00,0,2997.00,0.00,2997.00,3,3,0,0.02459,10.89,91.74,16,8,8,0.13115,5,1,275.22,22,12.51,21,13.11,6,55.04,0.04098,17.20,3,4797.00,3,2,0,0,0.00,12,233,114,104,0.91228,0,0,0.01953,97,2,2,0.66667,0,0.00,0,3,1,999.00,562.91,2074,0.00,0.00,0
2025-09-13,743595234042,商品,云米滚筒洗衣机12KG超薄直驱全自动家用大容量洗烘一体Super 2Max,60,1,0.66,0.01667,0.66,11.00,0.00,0,0.00,0,0.00,0,0.00,0.00,0.00,0,0,0,0,0.00,,0,0,0,0,0,0,,0,,0,,0,,0,,0,0.00,0,0,0,0,0.00,0,2,1,1,1,0,0,0.03333,1,2,0,,0,0.00,0,0,,,0.00,3,0.00,0.00,0
2025-09-13,714696231559,商品,以旧换新补贴云米冰箱十字门大容量超薄零嵌入式冰箱风冷无霜500,5135,79,49.38,0.01538,0.63,9.62,0.00,0,0.00,0,0.00,0,0.00,0.00,0.00,0,0,0,0,0.00,,1,1,0,0.01266,1,0,,2,24.69,2,24.69,1,49.38,0.01266,49.38,0,0.00,1,0,0,0,0.00,1,137,58,44,0.75862,0,0,0.02668,41,2,0,,0,0.00,0,0,,,3.38,80,0.00,0.00,0
2025-09-13,679863140859,商品,云米super油烟机厨房家用24m?大吸力大风量抽烟机顶侧三吸旗舰店,192,2,4.63,0.01042,2.32,24.11,0.00,0,0.00,0,0.00,0,0.00,0.00,0.00,0,0,0,0,0.00,,1,1,0,0.5,0,0,,1,4.63,1,4.63,0,,0,4.63,0,0.00,0,0,0,0,0.00,1,9,2,1,0.5,0,0,0.04688,7,5,0,,0,0.00,0,0,,,25.41,53,0.00,0.00,0
2025-09-13,678410193065,商品,云米小蓝调电热水器60升3200W家用租房卫生间洗澡速热一级能效,496,4,8.85,0.00806,2.21,17.84,0.00,0,0.00,0,0.00,0,0.00,2340.00,2340.00,1,0,1,0.25,264.41,8.85,0,0,0,0,1,0,,1,8.85,1,8.85,1,8.85,0.25,,1,3990.00,0,1,0,0,0.00,3,12,4,2,0.5,0,0,0.02419,8,3,1,1,0,0.00,0,1,1,2340.00,0.00,315,0.00,0.00,0
2025-09-13,678371690118,商品,云米电热水器50L升3200W家用速热触摸屏控制小蓝调,180,5,17.63,0.02778,3.53,97.94,0.00,0,0.00,0,0.00,0,0.00,0.00,0.00,0,0,0,0,0.00,,0,0,0,0,0,0,,0,,0,,0,,0,,0,0.00,0,0,0,0,0.00,0,14,4,3,0.75,0,0,0.07778,9,4,0,,0,0.00,0,0,,,0.00,0,0.00,0.00,0
2025-09-13,671890389960,商品,云米家用净水器ro反渗透净水机Super Y1200G管线机前置过滤器套餐,943,14,116.97,0.01485,8.36,124.04,0.00,0,0.00,0,0.00,0,0.00,849.00,849.00,1,0,1,0.07143,7.26,116.97,2,0,2,0.14286,0,0,,2,58.49,2,58.49,0,,0,58.49,1,2499.00,0,0,0,0,0.00,4,55,14,9,0.64286,0,0,0.05832,38,4,1,1,0,0.00,0,1,1,849.00,29.23,46,0.00,0.00,0
2025-09-13,656747298911,商品,云米10公斤超薄滚筒洗衣机除菌家用全自动洗烘干一体机Super2S,128,1,0.64,0.00781,0.64,5.00,0.00,0,0.00,0,0.00,0,0.00,0.00,0.00,0,0,0,0,0.00,,0,0,0,0,0,0,,0,,0,,0,,0,,0,0.00,0,0,0,0,0.00,0,2,1,1,1,0,0,0.01563,1,2,0,,0,0.00,0,0,,,0.00,1,0.00,0.00,0
2025-09-13,655513921354,商品,【超值套装】云米油烟机家用大吸力侧吸抽油烟机厨房净油烟旗舰店,283,11,38.43,0.03887,3.49,135.80,0.00,0,0.00,0,0.00,0,0.00,0.00,0.00,0,0,0,0,0.00,,0,0,0,0,0,0,,0,,0,,0,,0,,0,0.00,0,0,0,0,0.00,1,40,11,9,0.81818,0,0,0.14134,28,4,0,,0,0.00,0,0,,,3.38,3,0.00,0.00,0
2025-09-13,628098391023,商品,[超薄嵌入]云米滚筒洗衣机10公斤大容量全自动家用洗烘一体机m1,729,18,11.58,0.02469,0.64,15.88,0.00,0,0.00,0,0.00,0,0.00,0.00,0.00,0,0,0,0,0.00,,0,0,0,0,0,0,,0,,0,,0,,0,,0,0.00,0,0,0,0,0.00,0,26,18,17,0.94444,0,0,0.03567,8,1,0,,0,0.00,0,0,,,0.00,42,0.00,0.00,0
2025-09-13,625597690034,商品,云米净水器小蓝调600G+反渗透RO净水机家用直饮厨房已接入米家APP,1949,101,484.58,0.05182,4.80,248.63,0.00,0,0.00,0,0.00,0,4545.00,0.00,4545.00,5,5,0,0.0495,9.38,96.92,8,7,1,0.07921,2,0,,10,48.46,10,48.46,2,242.29,0.0198,60.57,10,24990.00,1,1,0,0,0.00,9,322,73,42,0.57534,0,0,0.16521,208,4,4,0.8,0,0.00,0,5,1,909.00,2171.80,1734,0.00,0.00,0
2025-09-13,622906064684,商品,云米蓝调2节能燃气热水器13L智能恒温家用洗澡防冻已接入米家APP,7057,83,87.14,0.01176,1.05,12.35,0.00,0,0.00,0,0.00,0,664.00,0.00,664.00,1,1,0,0.01205,7.62,87.14,1,1,0,0.01205,0,0,,1,87.14,1,87.14,0,,0,87.14,1,1299.00,0,0,0,0,0.00,2,236,88,73,0.82955,0,0,0.03344,56,3,1,1,0,0.00,0,1,1,664.00,625.99,812,0.00,0.00,0
2025-09-13,618018564033,商品,云米智能马桶泡沫盾座便器虹吸座圈恒温小鲸鱼2正品官方旗舰店,16,1,2.32,0.0625,2.32,145.00,0.00,0,0.00,0,0.00,0,0.00,0.00,0.00,0,0,0,0,0.00,,0,0,0,0,0,0,,0,,0,,0,,0,,0,0.00,0,0,0,0,0.00,0,7,1,1,1,0,0,0.4375,6,7,0,,0,0.00,0,0,,,3.33,0,0.00,0.00,0
2025-09-13,608854445255,商品,云米燃气热水器家用洗澡16升恒温零冷水天然气热水器Zero,504,7,3.72,0.01389,0.53,7.38,0.00,0,0.00,0,0.00,0,0.00,0.00,0.00,0,0,0,0,0.00,,0,0,0,0,0,0,,0,,0,,0,,0,,0,0.00,0,0,0,0,0.00,0,11,7,7,1,0,0,0.02183,2,2,0,,0,0.00,0,0,,,0.00,1,0.00,0.00,0
2025-09-13,606905855126,商品,云米Air电热水器扁桶双胆家用小户型速热储水式洗澡即热智控60升,1324,6,6.73,0.00453,1.12,5.08,0.00,0,0.00,0,0.00,0,0.00,0.00,0.00,0,0,0,0,0.00,,0,0,0,0,0,0,,0,,0,,0,,0,,0,0.00,0,0,0,0,0.00,1,8,5,3,0.6,0,0,0.00604,3,2,0,,0,0.00,0,0,,,0.00,0,0.00,0.00,0
2025-09-13,604198801818,商品,【旗舰爆款】云米厨房垃圾处理器家用厨余垃圾粉碎机厨余搅碎机,150,13,50.00,0.08667,3.85,333.33,0.00,0,0.00,0,0.00,0,0.00,0.00,0.00,0,0,0,0,0.00,,1,1,0,0.07692,1,0,,2,25.00,2,25.00,1,50.00,0.07692,50.00,0,0.00,1,0,0,0,0.00,1,25,13,13,1,0,0,0.16667,12,2,0,,0,0.00,0,0,,,89.07,169,0.00,0.00,0
2025-09-13,578994373748,商品,云米电热水器1A热水器洗澡家用60升速热一级能效节能省电电热水器,1248,15,27.25,0.01202,1.82,21.83,0.00,0,0.00,0,0.00,0,0.00,0.00,0.00,0,0,0,0,0.00,,1,1,0,0.06667,0,0,,1,27.25,1,27.25,0,,0,27.25,0,0.00,0,0,0,0,0.00,2,35,12,11,0.91667,0,0,0.02804,17,3,0,,0,0.00,0,0,,,0.00,123,0.00,0.00,0
2025-09-12,968448838463,商品,云米鲲鹏净热净水器直饮家用净水加热一体MR1051R复合一体芯RO膜,1636,109,48.70,0.06663,0.45,29.77,0.00,0,0.00,0,0.00,0,0.00,0.00,0.00,0,0,0,0,0.00,,0,0,0,0,1,0,,1,48.70,1,48.70,1,48.70,0.00917,,1,6999.00,1,0,0,0,0.00,1,150,108,96,0.88889,0,0,0.09169,17,1,0,,0,0.00,0,0,,,0.00,161,0.00,0.00,0
2025-09-12,962045858112,商品,[政府补贴]云米白富镁净水器昆仑4Pro弱碱反渗透RO膜直饮弱碱矿泉,11563,288,1288.74,0.02491,4.47,111.45,0.00,0,0.00,0,0.00,0,0.00,0.00,0.00,0,0,0,0,0.00,,19,18,1,0.06597,20,1,1288.74,40,32.22,39,33.04,21,64.44,0.06944,67.83,2,4998.00,19,1,0,0,0.00,13,762,281,233,0.82918,0,0,0.0659,413,3,0,,0,0.00,0,0,,,8.50,645,0.00,0.00,0
2025-09-12,943337811298,商品,云米掌静脉智能门锁猫眼大屏人脸识别家用指纹锁电子锁蓝调2a pro,3334,60,192.06,0.018,3.20,57.61,0.00,0,0.00,0,0.00,0,0.00,0.00,0.00,0,0,0,0,0.00,,4,3,1,0.06667,1,0,,5,38.41,5,38.41,1,192.06,0.01667,48.02,0,0.00,1,0,0,0,0.00,4,122,57,40,0.70175,0,0,0.03659,57,2,0,,0,0.00,0,0,,,82.42,113,0.00,0.00,0
2025-09-12,935542865349,商品,云米昆仑4Pro弱碱净水器矿物质水1400G家用厨下直饮母婴APP智控,9855,188,604.11,0.01908,3.21,61.30,0.00,0,0.00,0,0.00,0,3239.00,0.00,3239.00,1,1,0,0.00532,5.36,604.11,18,16,2,0.09574,17,0,,35,17.26,35,17.26,17,35.54,0.09043,33.56,4,25519.00,14,3,0,0,0.00,8,490,182,140,0.76923,0,0,0.04972,197,3,1,1,0,0.00,0,1,1,3239.00,6.62,927,0.00,0.00,0
2025-09-12,928309516277,商品,云米鲲鹏Pro抽油烟机28m?大吸力厨房顶吸式家用新款以旧换新补贴,12864,98,273.89,0.00762,2.79,21.29,0.00,0,0.00,0,0.00,0,0.00,0.00,0.00,0,0,0,0,0.00,,5,3,2,0.05102,2,0,,7,39.13,7,39.13,2,136.95,0.02041,54.78,1,4999.00,2,0,0,0,0.00,10,454,126,112,0.88889,0,0,0.03529,293,4,0,,0,0.00,0,0,,,0.00,306,0.00,0.00,0
2025-09-12,920312446415,商品,云米指纹锁电子锁密码锁智能门锁门蓝调3A旗舰店已接入米家app,355,2,2.04,0.00563,1.02,5.75,0.00,0,0.00,0,0.00,0,0.00,0.00,0.00,0,0,0,0,0.00,,0,0,0,0,0,0,,0,,0,,0,,0,,0,0.00,0,0,0,0,0.00,0,7,4,3,0.75,0,0,0.01972,3,2,0,,0,0.00,0,0,,,0.00,5,0.00,0.00,0
2025-09-12,917091926716,商品,云米昆仑4矿泉制冰净水器制冷即热冰块一体直饮水家用台式净饮机,2123,36,100.00,0.01696,2.78,47.10,0.00,0,0.00,0,0.00,0,0.00,2999.00,2999.00,1,0,1,0.02778,29.99,100.00,2,1,1,0.05556,1,1,100.00,4,25.00,3,33.33,2,100.00,0.02778,50.00,3,13797.00,1,0,0,0,0.00,1,122,34,28,0.82353,0,0,0.05747,83,4,1,1,0,0.00,0,1,1,2999.00,3.38,3075,0.00,0.00,0
2025-09-12,913043253833,商品,云米大黑翼24m?油烟机大吸力顶侧三吸吸油烟家用抽油烟机自清洁,7833,33,21.04,0.00421,0.64,2.69,0.00,0,0.00,0,0.00,0,0.00,0.00,0.00,0,0,0,0,0.00,,0,0,0,0,0,0,,0,,0,,0,,0,,0,0.00,0,0,0,0,0.00,0,127,77,75,0.97403,0,0,0.01621,10,2,0,,0,0.00,0,0,,,0.00,7,0.00,0.00,0
2025-09-12,902116631708,商品,云米矿泉台式净饮机即热式饮水机直饮家用矿化加热一体机净水器,4921,88,291.65,0.01788,3.31,59.27,0.00,0,0.00,0,0.00,0,1499.00,0.00,1499.00,1,1,0,0.01136,5.14,291.65,5,5,0,0.05682,1,0,,6,48.61,6,48.61,1,291.65,0.01136,58.33,1,2299.00,1,0,0,0,0.00,2,208,78,67,0.85897,0,0,0.04227,83,3,1,1,0,0.00,0,1,1,1499.00,0.00,1175,0.00,0.00,0
2025-09-12,884624431355,商品,云米智能门锁家用密码锁指纹锁电子门锁防盗门正品官方旗舰店正品,4126,83,229.52,0.02012,2.77,55.63,0.00,0,0.00,0,0.00,0,0.00,1998.00,1998.00,2,0,2,0.0241,8.71,114.76,6,5,1,0.07229,1,0,,7,32.79,7,32.79,1,229.52,0.01205,38.25,8,7294.00,1,0,0,0,0.00,7,223,71,42,0.59155,0,0,0.05405,132,3,2,1,0,0.00,0,2,1,999.00,136.76,880,0.00,0.00,0
2025-09-12,876096115017,商品,云米智能门锁猫眼可视指纹锁防盗门家用密码锁蓝调2a pro电子锁,2922,87,298.50,0.02977,3.43,102.16,0.00,0,0.00,0,0.00,0,899.00,899.00,1798.00,2,1,1,0.02299,6.02,149.25,4,4,0,0.04598,6,0,,10,29.85,10,29.85,6,49.75,0.06897,74.63,2,3098.00,6,0,0,0,0.00,5,219,80,69,0.8625,0,0,0.07495,127,3,2,1,0,0.00,0,2,1,899.00,30.08,1537,0.00,0.00,0
2025-09-12,867339045616,商品,云米智能马桶零压冲水脚踢感应翻盖泡沫盾小鲸鱼2pro官方旗舰店,1843,32,96.18,0.01736,3.01,52.19,0.00,0,0.00,0,0.00,0,0.00,0.00,0.00,0,0,0,0,0.00,,1,1,0,0.03125,0,0,,1,96.18,1,96.18,0,,0,96.18,0,0.00,0,0,0,0,0.00,0,45,32,30,0.9375,0,0,0.02442,13,1,0,,0,0.00,0,0,,,0.00,99,0.00,0.00,0
2025-09-12,859596092874,商品,云米智能门锁3D人脸智能门锁电子指纹锁家用防盗密码锁蓝调2a pro,6597,152,426.74,0.02304,2.81,64.69,0.00,0,0.00,0,0.00,0,4495.00,0.00,4495.00,5,5,0,0.03289,10.53,85.35,1,0,1,0.00658,1,0,,2,213.37,2,213.37,1,426.74,0.00658,426.74,8,12792.00,1,0,0,0,0.00,10,324,155,130,0.83871,0,0,0.04911,102,2,3,1,1,1798.00,2,3,2,1498.33,247.93,1445,0.00,0.00,0
2025-09-12,839274619649,商品,云米昆仑3Pro矿泉即热净水器1000G鲜热净饮机母婴直饮RO膜反渗透,552,23,41.29,0.04167,1.80,74.80,0.00,0,0.00,0,0.00,0,0.00,0.00,0.00,0,0,0,0,0.00,,0,0,0,0,0,0,,0,,0,,0,,0,,0,0.00,0,0,0,0,0.00,0,50,22,18,0.81818,0,0,0.09058,21,2,0,,0,0.00,0,0,,,0.00,6,0.00,0.00,0
2025-09-12,837518155964,商品,[1.11洗净比]云米洗衣机滚筒家用全自动超薄10kg大容量[除菌除螨],2,0,0.00,0,,0.00,0.00,0,0.00,0,0.00,0,0.00,0.00,0.00,0,0,0,,,,0,0,0,,0,0,,0,,0,,0,,,,0,0.00,0,0,0,0,0.00,0,0,0,0,,,0,0,0,,0,,0,0.00,0,0,,,0.00,0,0.00,0.00,0
2025-09-12,831641379841,商品,云米昆仑Super 2E 1000G矿泉净水器RO膜厨房自来水过滤器矿物质,447,11,90.05,0.02461,8.19,201.45,0.00,0,0.00,0,0.00,0,0.00,0.00,0.00,0,0,0,0,0.00,,0,0,0,0,0,0,,0,,0,,0,,0,,0,0.00,0,0,0,0,0.00,1,30,11,7,0.63636,0,0,0.06711,19,3,0,,0,0.00,0,0,,,0.00,39,0.00,0.00,0
2025-09-12,828385611984,商品,云米热水器家用电热水器储水式卫生间洗澡速热出租房用50升X1,164,11,17.26,0.06707,1.57,105.24,0.00,0,0.00,0,0.00,0,0.00,0.00,0.00,0,0,0,0,0.00,,2,0,2,0.18182,1,0,,3,5.75,3,5.75,1,17.26,0.09091,8.63,1,1999.00,0,1,0,0,0.00,3,69,10,7,0.7,0,0,0.42073,56,7,0,,0,0.00,0,0,,,0.00,193,0.00,0.00,0
2025-09-12,825323478418,商品,云米鲲鹏油烟机家用厨房大吸力大风量抽油烟机单烟机,36,1,0.42,0.02778,0.42,11.67,0.00,0,0.00,0,0.00,0,0.00,0.00,0.00,0,0,0,0,0.00,,0,0,0,0,0,0,,0,,0,,0,,0,,0,0.00,0,0,0,0,0.00,0,1,1,1,1,0,0,0.02778,0,1,0,,0,0.00,0,0,,,0.00,0,0.00,0.00,0
2025-09-12,766129700011,商品,云米智能门锁人脸识别猫眼大屏指纹密码锁防盗家用智能锁Super2Y,16758,166,273.83,0.00991,1.65,16.34,0.00,0,0.00,0,0.00,0,999.00,0.00,999.00,1,1,0,0.00602,3.65,273.83,3,3,0,0.01807,6,1,273.83,10,27.38,9,30.43,7,45.64,0.03614,91.28,2,2598.00,5,1,0,0,0.00,2,335,147,124,0.84354,0,0,0.01999,146,2,1,1,0,0.00,0,1,1,999.00,14.34,212,0.00,0.00,0
2025-09-12,743595234042,商品,云米滚筒洗衣机12KG超薄直驱全自动家用大容量洗烘一体Super 2Max,1,0,0.00,0,,0.00,0.00,0,0.00,0,0.00,0,0.00,0.00,0.00,0,0,0,,,,0,0,0,,0,0,,0,,0,,0,,,,0,0.00,0,0,0,0,0.00,0,0,0,0,,,0,0,0,,0,,0,0.00,0,0,,,0.00,0,0.00,0.00,0
2025-09-12,714696231559,商品,以旧换新补贴云米冰箱十字门大容量超薄零嵌入式冰箱风冷无霜500,2666,37,50.00,0.01388,1.35,18.75,0.00,0,0.00,0,0.00,0,0.00,0.00,0.00,0,0,0,0,0.00,,0,0,0,0,0,0,,0,,0,,0,,0,,1,2499.00,0,0,0,0,0.00,1,49,28,12,0.42857,0,0,0.01838,4,2,0,,0,0.00,0,0,,,0.00,19,0.00,0.00,0
2025-09-12,679863140859,商品,云米super油烟机厨房家用24m?大吸力大风量抽烟机顶侧三吸旗舰店,117,7,19.28,0.05983,2.75,164.79,0.00,0,0.00,0,0.00,0,0.00,0.00,0.00,0,0,0,0,0.00,,0,0,0,0,1,0,,1,19.28,1,19.28,1,19.28,0.14286,,0,0.00,1,0,0,0,0.00,1,14,7,5,0.71429,0,0,0.11966,7,2,0,,0,0.00,0,0,,,0.00,6,0.00,0.00,0
2025-09-12,678410193065,商品,云米小蓝调电热水器60升3200W家用租房卫生间洗澡速热一级能效,189,4,4.34,0.02116,1.09,22.96,0.00,0,0.00,0,0.00,0,0.00,0.00,0.00,0,0,0,0,0.00,,0,0,0,0,0,0,,0,,0,,0,,0,,0,0.00,0,0,0,0,0.00,1,9,4,2,0.5,0,0,0.04762,5,2,0,,0,0.00,0,0,,,0.00,0,0.00,0.00,0
2025-09-12,678371690118,商品,云米电热水器50L升3200W家用速热触摸屏控制小蓝调,81,6,8.76,0.07407,1.46,108.15,0.00,0,0.00,0,0.00,0,0.00,0.00,0.00,0,0,0,0,0.00,,0,0,0,0,0,0,,0,,0,,0,,0,,0,0.00,0,0,0,0,0.00,0,30,6,4,0.66667,0,0,0.37037,24,5,0,,0,0.00,0,0,,,0.00,6,0.00,0.00,0
2025-09-12,671890389960,商品,云米家用净水器ro反渗透净水机Super Y1200G管线机前置过滤器套餐,966,19,134.32,0.01967,7.07,139.05,0.00,0,0.00,0,0.00,0,0.00,0.00,0.00,0,0,0,0,0.00,,1,1,0,0.05263,0,0,,1,134.32,1,134.32,0,,0,134.32,0,0.00,0,0,0,0,0.00,5,92,19,10,0.52632,0,0,0.09524,73,5,0,,0,0.00,0,0,,,158.82,50,0.00,0.00,0
2025-09-12,656747298911,商品,云米10公斤超薄滚筒洗衣机除菌家用全自动洗烘干一体机Super2S,1,0,0.00,0,,0.00,0.00,0,0.00,0,0.00,0,0.00,0.00,0.00,0,0,0,,,,0,0,0,,0,0,,0,,0,,0,,,,0,0.00,0,0,0,0,0.00,0,0,0,0,,,0,0,0,,0,,0,0.00,0,0,,,0.00,0,0.00,0.00,0
2025-09-12,655513921354,商品,【超值套装】云米油烟机家用大吸力侧吸抽油烟机厨房净油烟旗舰店,450,9,33.02,0.02,3.67,73.38,0.00,0,0.00,0,0.00,0,0.00,0.00,0.00,0,0,0,0,0.00,,1,1,0,0.11111,0,0,,1,33.02,1,33.02,0,,0,33.02,0,0.00,0,0,0,0,0.00,3,17,9,7,0.77778,0,0,0.03778,8,2,0,,0,0.00,0,0,,,0.00,14,0.00,0.00,0
2025-09-12,628098391023,商品,[超薄嵌入]云米滚筒洗衣机10公斤大容量全自动家用洗烘一体机m1,1,0,0.00,0,,0.00,0.00,0,0.00,0,0.00,0,0.00,0.00,0.00,0,0,0,,,,0,0,0,,0,0,,0,,0,,0,,,,0,0.00,0,0,0,0,0.00,0,0,0,0,,,0,0,0,,0,,0,0.00,0,0,,,0.00,0,0.00,0.00,0
2025-09-12,625597690034,商品,云米净水器小蓝调600G+反渗透RO净水机家用直饮厨房已接入米家APP,1433,103,458.59,0.07188,4.45,320.02,0.00,0,0.00,0,0.00,0,3396.00,0.00,3396.00,4,4,0,0.03883,7.41,114.65,19,10,9,0.18447,0,0,,19,24.14,19,24.14,0,,0,24.14,6,14994.00,0,0,0,0,0.00,17,362,77,56,0.72727,0,0,0.25262,254,5,3,0.75,0,849.00,1,4,1,849.00,806.95,1290,0.00,0.00,0
2025-09-12,622906064684,商品,云米蓝调2节能燃气热水器13L智能恒温家用洗澡防冻已接入米家APP,6602,78,128.80,0.01181,1.65,19.51,0.00,0,0.00,0,0.00,0,0.00,0.00,0.00,0,0,0,0,0.00,,1,1,0,0.01282,0,0,,1,128.80,1,128.80,0,,0,128.80,0,0.00,0,0,0,0,0.00,4,161,75,62,0.82667,0,0,0.02439,29,2,0,,0,0.00,0,0,,,5.95,137,0.00,0.00,0
2025-09-12,618018564033,商品,云米智能马桶泡沫盾座便器虹吸座圈恒温小鲸鱼2正品官方旗舰店,5,2,6.81,0.4,3.41,1362.00,0.00,0,0.00,0,0.00,0,0.00,0.00,0.00,0,0,0,0,0.00,,2,1,1,1,0,0,,2,3.41,2,3.41,0,,0,3.41,0,0.00,0,0,0,0,0.00,0,23,2,0,0,0,0,4.6,21,12,0,,0,0.00,0,0,,,6.65,124,0.00,0.00,0
2025-09-12,608854445255,商品,云米燃气热水器家用洗澡16升恒温零冷水天然气热水器Zero,205,4,19.50,0.01951,4.88,95.12,0.00,0,0.00,0,0.00,0,0.00,0.00,0.00,0,0,0,0,0.00,,0,0,0,0,0,0,,0,,0,,0,,0,,0,0.00,0,0,0,0,0.00,0,13,3,2,0.66667,0,0,0.06341,9,4,0,,0,0.00,0,0,,,0.00,4,0.00,0.00,0
2025-09-12,606905855126,商品,云米Air电热水器扁桶双胆家用小户型速热储水式洗澡即热智控60升,656,8,2.00,0.0122,0.25,3.05,0.00,0,0.00,0,0.00,0,0.00,0.00,0.00,0,0,0,0,0.00,,0,0,0,0,0,0,,0,,0,,0,,0,,0,0.00,0,0,0,0,0.00,0,14,7,5,0.71429,0,0,0.02134,4,2,0,,0,0.00,0,0,,,0.00,1,0.00,0.00,0
2025-09-12,604198801818,商品,【旗舰爆款】云米厨房垃圾处理器家用厨余垃圾粉碎机厨余搅碎机,140,10,44.66,0.07143,4.47,319.00,0.00,0,0.00,0,0.00,0,999.00,0.00,999.00,1,1,0,0.1,22.37,44.66,2,2,0,0.2,0,0,,2,22.33,2,22.33,0,,0,22.33,1,3999.00,0,0,0,0,0.00,2,18,8,8,1,0,0,0.12857,8,2,1,1,0,0.00,0,1,1,999.00,152.76,863,0.00,0.00,0
2025-09-12,578994373748,商品,云米电热水器1A热水器洗澡家用60升速热一级能效节能省电电热水器,593,10,36.28,0.01686,3.63,61.18,0.00,0,0.00,0,0.00,0,0.00,998.00,998.00,1,0,1,0.1,27.51,36.28,0,0,0,0,0,0,,0,,0,,0,,0,,1,1596.00,0,0,0,0,0.00,5,23,9,7,0.77778,0,0,0.03879,12,3,1,1,0,0.00,0,1,1,998.00,0.00,599,0.00,0.00,0
2025-09-11,968448838463,商品,云米鲲鹏净热净水器直饮家用净水加热一体MR1051R复合一体芯RO膜,2141,85,50.00,0.0397,0.59,23.35,0.00,0,0.00,0,0.00,0,0.00,0.00,0.00,0,0,0,0,0.00,,1,1,0,0.01176,2,0,,3,16.67,3,16.67,2,25.00,0.02353,50.00,0,0.00,2,0,0,0,0.00,0,112,81,73,0.90123,0,0,0.05231,13,1,0,,0,0.00,0,0,,,0.00,301,0.00,0.00,0
2025-09-11,962045858112,商品,[政府补贴]云米白富镁净水器昆仑4Pro弱碱反渗透RO膜直饮弱碱矿泉,9017,214,999.97,0.02373,4.67,110.90,0.00,0,0.00,0,0.00,0,0.00,1999.00,1999.00,2,0,2,0.00935,2.00,499.99,11,9,2,0.0514,15,0,,26,38.46,26,38.46,15,66.66,0.07009,90.91,4,12547.00,13,2,0,0,0.00,14,586,198,143,0.72222,0,0,0.06499,308,3,2,1,1,300.00,1,2,1,999.50,123.11,1912,0.00,0.00,0
2025-09-11,943337811298,商品,云米掌静脉智能门锁猫眼大屏人脸识别家用指纹锁电子锁蓝调2a pro,3783,68,216.32,0.01798,3.18,57.18,0.00,0,0.00,0,0.00,0,0.00,1449.00,1449.00,2,0,2,0.02941,6.70,108.16,9,3,6,0.13235,1,0,,10,21.63,10,21.63,1,216.32,0.01471,24.04,3,3748.00,1,0,0,0,0.00,3,273,59,45,0.76271,0,0,0.07216,195,5,1,1,0,0.00,0,1,2,1449.00,58.73,1743,0.00,0.00,0
2025-09-11,935542865349,商品,云米昆仑4Pro弱碱净水器矿物质水1400G家用厨下直饮母婴APP智控,16789,283,907.92,0.01686,3.21,54.08,0.00,0,0.00,0,0.00,0,0.00,2299.00,2299.00,1,0,1,0.00353,2.53,907.92,28,23,5,0.09894,33,1,907.92,62,14.64,61,14.88,34,27.51,0.11661,32.43,4,22819.00,28,5,0,0,0.00,7,759,250,183,0.732,0,0,0.04521,390,3,1,1,0,0.00,0,1,1,2299.00,25.35,1771,0.00,0.00,0
2025-09-11,928309516277,商品,云米鲲鹏Pro抽油烟机28m?大吸力厨房顶吸式家用新款以旧换新补贴,32233,189,299.86,0.00586,1.59,9.30,0.00,0,0.00,0,0.00,0,0.00,0.00,0.00,0,0,0,0,0.00,,3,2,1,0.01587,1,0,,4,74.97,4,74.97,1,299.86,0.00529,99.95,2,9998.00,0,1,0,0,0.00,3,438,207,186,0.89855,0,0,0.01359,176,2,0,,0,0.00,0,0,,,0.00,266,0.00,0.00,0
2025-09-11,920312446415,商品,云米指纹锁电子锁密码锁智能门锁门蓝调3A旗舰店已接入米家app,1513,22,20.49,0.01454,0.93,13.54,0.00,0,0.00,0,0.00,0,0.00,0.00,0.00,0,0,0,0,0.00,,0,0,0,0,1,0,,1,20.49,1,20.49,1,20.49,0.04545,,0,0.00,1,0,0,0,0.00,0,39,19,18,0.94737,0,0,0.02578,10,2,0,,0,0.00,0,0,,,3.38,13,0.00,0.00,0
2025-09-11,917091926716,商品,云米昆仑4矿泉制冰净水器制冷即热冰块一体直饮水家用台式净饮机,6613,74,99.47,0.01119,1.34,15.04,0.00,0,0.00,0,0.00,0,0.00,0.00,0.00,0,0,0,0,0.00,,1,1,0,0.01351,1,1,99.47,3,33.16,2,49.74,2,99.47,0.01351,99.47,0,0.00,1,0,0,0,0.00,3,107,65,59,0.90769,0,0,0.01618,32,2,0,,0,0.00,0,0,,,61.06,89,0.00,0.00,0
2025-09-11,913043253833,商品,云米大黑翼24m?油烟机大吸力顶侧三吸吸油烟家用抽油烟机自清洁,1821,27,43.24,0.01483,1.60,23.75,0.00,0,0.00,0,0.00,0,0.00,0.00,0.00,0,0,0,0,0.00,,0,0,0,0,0,0,,0,,0,,0,,0,,0,0.00,0,0,0,0,0.00,0,72,31,27,0.87097,0,0,0.03954,6,2,0,,0,0.00,0,0,,,0.00,2,0.00,0.00,0
2025-09-11,902116631708,商品,云米矿泉台式净饮机即热式饮水机直饮家用矿化加热一体机净水器,6605,76,245.36,0.01151,3.23,37.15,0.00,0,0.00,0,0.00,0,1499.00,0.00,1499.00,1,1,0,0.01316,6.11,245.36,2,1,1,0.02632,1,0,,3,81.79,3,81.79,1,245.36,0.01316,122.68,1,2299.00,1,0,0,0,0.00,4,329,85,75,0.88235,0,0,0.04981,148,4,1,1,0,0.00,0,1,1,1499.00,66.01,1198,0.00,0.00,0
2025-09-11,884624431355,商品,云米智能门锁家用密码锁指纹锁电子门锁防盗门正品官方旗舰店正品,6354,84,232.33,0.01322,2.77,36.56,0.00,0,0.00,0,0.00,0,0.00,1998.00,1998.00,2,0,2,0.02381,8.60,116.17,7,6,1,0.08333,1,1,232.33,9,25.81,8,29.04,2,232.33,0.0119,33.19,2,2998.00,1,0,0,0,0.00,9,205,75,54,0.72,0,0,0.03226,102,3,1,1,0,0.00,0,1,2,1998.00,127.58,291,0.00,0.00,0
2025-09-11,876096115017,商品,云米智能门锁猫眼可视指纹锁防盗门家用密码锁蓝调2a pro电子锁,4779,97,329.51,0.0203,3.40,68.95,0.00,0,0.00,0,0.00,0,0.00,2100.00,2100.00,3,0,3,0.03093,6.37,109.84,13,9,4,0.13402,7,0,,20,16.48,20,16.48,7,47.07,0.07216,25.35,3,3248.00,7,0,0,0,0.00,3,194,90,74,0.82222,0,0,0.04059,66,2,1,1,0,0.00,0,1,3,2100.00,710.28,1694,0.00,0.00,0
2025-09-11,867339045616,商品,云米智能马桶零压冲水脚踢感应翻盖泡沫盾小鲸鱼2pro官方旗舰店,1332,28,93.23,0.02102,3.33,69.99,0.00,0,0.00,0,0.00,0,0.00,0.00,0.00,0,0,0,0,0.00,,0,0,0,0,0,0,,0,,0,,0,,0,,0,0.00,0,0,0,0,0.00,5,59,25,22,0.88,0,0,0.04429,30,2,0,,0,0.00,0,0,,,0.00,13,0.00,0.00,0
2025-09-11,859596092874,商品,云米智能门锁3D人脸智能门锁电子指纹锁家用防盗密码锁蓝调2a pro,11250,150,383.70,0.01333,2.56,34.11,0.00,0,0.00,0,0.00,0,2697.00,0.00,2697.00,3,3,0,0.02,7.03,127.90,4,4,0,0.02667,2,0,,6,63.95,6,63.95,2,191.85,0.01333,95.93,4,5696.00,2,0,0,0,0.00,3,312,158,138,0.87342,0,0,0.02773,121,2,2,1,0,0.00,0,2,2,1348.50,19.10,1472,0.00,0.00,0
2025-09-11,839274619649,商品,云米昆仑3Pro矿泉即热净水器1000G鲜热净饮机母婴直饮RO膜反渗透,714,20,39.03,0.02801,1.95,54.66,0.00,0,0.00,0,0.00,0,0.00,0.00,0.00,0,0,0,0,0.00,,1,1,0,0.05,0,0,,1,39.03,1,39.03,0,,0,39.03,0,0.00,0,0,0,0,0.00,0,49,20,14,0.7,0,0,0.06863,23,2,0,,0,0.00,0,0,,,0.00,173,0.00,0.00,0
2025-09-11,831641379841,商品,云米昆仑Super 2E 1000G矿泉净水器RO膜厨房自来水过滤器矿物质,496,9,55.14,0.01815,6.13,111.17,0.00,0,0.00,0,0.00,0,0.00,0.00,0.00,0,0,0,0,0.00,,1,0,1,0.11111,0,0,,1,55.14,1,55.14,0,,0,55.14,0,0.00,0,0,0,0,0.00,2,31,8,6,0.75,0,0,0.0625,20,4,0,,0,0.00,0,0,,,0.00,523,0.00,0.00,0
2025-09-11,828385611984,商品,云米热水器家用电热水器储水式卫生间洗澡速热出租房用50升X1,476,21,53.61,0.04412,2.55,112.63,0.00,0,0.00,0,0.00,0,0.00,300.00,300.00,1,0,1,0.04762,5.60,53.61,1,0,1,0.04762,0,0,,1,53.61,1,53.61,0,,0,53.61,3,3097.00,0,0,0,0,0.00,5,115,20,13,0.65,0,0,0.2416,92,6,1,1,1,300.00,1,1,1,300.00,3.38,35,0.00,0.00,0
2025-09-11,825323478418,商品,云米鲲鹏油烟机家用厨房大吸力大风量抽油烟机单烟机,61,0,0.00,0,,0.00,0.00,0,0.00,0,0.00,0,0.00,0.00,0.00,0,0,0,,,,0,0,0,,0,0,,0,,0,,0,,,,0,0.00,0,0,0,0,0.00,0,0,0,0,,,0,0,0,,0,,0,0.00,0,0,,,0.00,0,0.00,0.00,0
2025-09-11,766129700011,商品,云米智能门锁人脸识别猫眼大屏指纹密码锁防盗家用智能锁Super2Y,12120,107,231.57,0.00883,2.16,19.11,0.00,0,0.00,0,0.00,0,0.00,1299.00,1299.00,1,0,1,0.00935,5.61,231.57,2,1,1,0.01869,1,0,,3,77.19,3,77.19,1,231.57,0.00935,115.79,2,3298.00,1,0,0,0,0.00,4,221,97,79,0.81443,0,0,0.01823,99,2,1,1,0,0.00,0,1,1,1299.00,34.51,1783,0.00,0.00,0
2025-09-11,743595234042,商品,云米滚筒洗衣机12KG超薄直驱全自动家用大容量洗烘一体Super 2Max,61,2,1.75,0.03279,0.88,28.69,0.00,0,0.00,0,0.00,0,0.00,0.00,0.00,0,0,0,0,0.00,,0,0,0,0,0,0,,0,,0,,0,,0,,0,0.00,0,0,0,0,0.00,0,7,2,2,1,0,0,0.11475,5,4,0,,0,0.00,0,0,,,0.00,3,0.00,0.00,0
2025-09-11,714696231559,商品,以旧换新补贴云米冰箱十字门大容量超薄零嵌入式冰箱风冷无霜500,1789,36,49.51,0.02012,1.38,27.67,0.00,0,0.00,0,0.00,0,0.00,0.00,0.00,0,0,0,0,0.00,,5,1,4,0.13889,0,0,,5,9.90,5,9.90,0,,0,9.90,0,0.00,0,0,0,0,0.00,2,66,27,11,0.40741,0,0,0.03689,17,2,0,,0,0.00,0,0,,,1358.81,749,0.00,0.00,0
2025-09-11,679863140859,商品,云米super油烟机厨房家用24m?大吸力大风量抽烟机顶侧三吸旗舰店,114,4,8.72,0.03509,2.18,76.49,0.00,0,0.00,0,0.00,0,0.00,0.00,0.00,0,0,0,0,0.00,,0,0,0,0,1,0,,1,8.72,1,8.72,1,8.72,0.25,,0,0.00,0,1,0,0,0.00,0,26,4,4,1,0,0,0.22807,21,7,0,,0,0.00,0,0,,,0.00,0,0.00,0.00,0
2025-09-11,678410193065,商品,云米小蓝调电热水器60升3200W家用租房卫生间洗澡速热一级能效,1059,9,7.66,0.0085,0.85,7.23,0.00,0,0.00,0,0.00,0,0.00,0.00,0.00,0,0,0,0,0.00,,1,0,1,0.11111,0,0,,1,7.66,1,7.66,0,,0,7.66,0,0.00,0,0,0,0,0.00,0,15,9,9,1,0,0,0.01416,6,2,0,,0,0.00,0,0,,,0.00,94,0.00,0.00,0
2025-09-11,678371690118,商品,云米电热水器50L升3200W家用速热触摸屏控制小蓝调,498,5,10.67,0.01004,2.13,21.43,0.00,0,0.00,0,0.00,0,0.00,0.00,0.00,0,0,0,0,0.00,,2,1,1,0.4,0,0,,2,5.34,2,5.34,0,,0,5.34,0,0.00,0,0,0,0,0.00,0,9,5,2,0.4,0,0,0.01807,4,2,0,,0,0.00,0,0,,,19.23,124,0.00,0.00,0
2025-09-11,671890389960,商品,云米家用净水器ro反渗透净水机Super Y1200G管线机前置过滤器套餐,1650,24,104.68,0.01455,4.36,63.44,0.00,0,0.00,0,0.00,0,0.00,0.00,0.00,0,0,0,0,0.00,,5,3,2,0.20833,2,1,104.68,8,13.09,7,14.95,3,52.34,0.08333,20.94,0,0.00,2,0,0,0,0.00,3,132,21,15,0.71429,0,0,0.08,107,6,0,,0,0.00,0,0,,,6.20,67,0.00,0.00,0
2025-09-11,656747298911,商品,云米10公斤超薄滚筒洗衣机除菌家用全自动洗烘干一体机Super2S,156,5,3.99,0.03205,0.80,25.58,0.00,0,0.00,0,0.00,0,0.00,0.00,0.00,0,0,0,0,0.00,,0,0,0,0,0,0,,0,,0,,0,,0,,0,0.00,0,0,0,0,0.00,0,8,5,3,0.6,0,0,0.05128,3,2,0,,0,0.00,0,0,,,0.00,10,0.00,0.00,0
2025-09-11,655513921354,商品,【超值套装】云米油烟机家用大吸力侧吸抽油烟机厨房净油烟旗舰店,853,19,73.34,0.02227,3.86,85.98,0.00,0,0.00,0,0.00,0,0.00,0.00,0.00,0,0,0,0,0.00,,1,0,1,0.05263,0,0,,1,73.34,1,73.34,0,,0,73.34,1,2999.00,0,0,0,0,0.00,0,64,16,11,0.6875,0,0,0.07503,44,4,0,,0,0.00,0,0,,,3.33,58,0.00,0.00,0
2025-09-11,628098391023,商品,[超薄嵌入]云米滚筒洗衣机10公斤大容量全自动家用洗烘一体机m1,353,6,5.25,0.017,0.88,14.87,0.00,0,0.00,0,0.00,0,0.00,0.00,0.00,0,0,0,0,0.00,,0,0,0,0,0,0,,0,,0,,0,,0,,0,0.00,0,0,0,0,0.00,0,16,6,4,0.66667,0,0,0.04533,10,3,0,,0,0.00,0,0,,,0.00,11,0.00,0.00,0
2025-09-11,625597690034,商品,云米净水器小蓝调600G+反渗透RO净水机家用直饮厨房已接入米家APP,1219,85,471.22,0.06973,5.54,386.56,0.00,0,0.00,0,0.00,0,4245.00,0.00,4245.00,5,5,0,0.05882,9.01,94.24,15,13,2,0.17647,3,0,,18,26.18,18,26.18,3,157.07,0.03529,31.41,11,27489.00,3,0,0,0,0.00,11,247,59,46,0.77966,0,0,0.20263,148,4,5,1,0,0.00,0,5,1,849.00,918.72,1434,0.00,0.00,0
2025-09-11,622906064684,商品,云米蓝调2节能燃气热水器13L智能恒温家用洗澡防冻已接入米家APP,7337,84,110.59,0.01145,1.32,15.07,0.00,0,0.00,0,0.00,0,664.00,0.00,664.00,1,1,0,0.0119,6.00,110.59,2,1,1,0.02381,0,1,110.59,3,36.86,2,55.30,1,,0,55.30,1,1299.00,0,0,0,0,0.00,4,182,67,53,0.79104,0,0,0.02481,45,3,1,1,0,0.00,0,1,1,664.00,346.18,752,0.00,0.00,0
2025-09-11,618018564033,商品,云米智能马桶泡沫盾座便器虹吸座圈恒温小鲸鱼2正品官方旗舰店,10,2,4.74,0.2,2.37,474.00,0.00,0,0.00,0,0.00,0,0.00,0.00,0.00,0,0,0,0,0.00,,0,0,0,0,0,0,,0,,0,,0,,0,,0,0.00,0,0,0,0,0.00,0,3,2,2,1,0,0,0.3,1,2,0,,0,0.00,0,0,,,6.65,0,0.00,0.00,0
2025-09-11,608854445255,商品,云米燃气热水器家用洗澡16升恒温零冷水天然气热水器Zero,1249,6,7.85,0.0048,1.31,6.29,0.00,0,0.00,0,0.00,0,1099.00,0.00,1099.00,1,1,0,0.16667,140.00,7.85,0,0,0,0,0,0,,0,,0,,0,,0,,1,4999.00,0,0,0,0,0.00,1,17,6,5,0.83333,0,0,0.01361,8,3,1,1,0,0.00,0,1,1,1099.00,244.70,531,0.00,0.00,0
2025-09-11,606905855126,商品,云米Air电热水器扁桶双胆家用小户型速热储水式洗澡即热智控60升,2232,11,1.88,0.00493,0.17,0.84,0.00,0,0.00,0,0.00,0,0.00,0.00,0.00,0,0,0,0,0.00,,0,0,0,0,0,0,,0,,0,,0,,0,,0,0.00,0,0,0,0,0.00,0,19,10,8,0.8,0,0,0.00851,0,2,0,,0,0.00,0,0,,,0.00,0,0.00,0.00,0
2025-09-11,604198801818,商品,【旗舰爆款】云米厨房垃圾处理器家用厨余垃圾粉碎机厨余搅碎机,165,11,40.64,0.06667,3.69,246.30,0.00,0,0.00,0,0.00,0,0.00,0.00,0.00,0,0,0,0,0.00,,4,4,0,0.36364,0,0,,4,10.16,4,10.16,0,,0,10.16,0,0.00,0,0,0,0,0.00,2,28,10,10,1,0,0,0.1697,17,3,0,,0,0.00,0,0,,,63.97,139,0.00,0.00,0
2025-09-11,578994373748,商品,云米电热水器1A热水器洗澡家用60升速热一级能效节能省电电热水器,6,0,0.00,0,,0.00,0.00,0,0.00,0,0.00,0,0.00,0.00,0.00,0,0,0,,,,0,0,0,,0,0,,0,,0,,0,,,,0,0.00,0,0,0,0,0.00,0,0,0,0,,,0,0,0,,0,,0,0.00,0,0,,,0.00,0,0.00,0.00,0
